rank,station,value
等级1,杭州东,32341.60329760161
等级1,南京南,30861.36884636716
等级1,上海虹桥,30621.09595941532
等级1,广州南,26519.602663231148
等级1,长沙南,25193.736804939374
等级1,义乌,21348.494638048272
等级1,石家庄,20693.50215686781
等级1,上饶,20639.93320088886
等级1,郑州东,20165.117399911014
等级1,郑州,19832.23153939149
等级1,沈阳北,19369.43420839481
等级1,常州,18968.087115759678
等级1,山海关,18775.60968719112
等级1,唐山,18749.484457059607
等级1,金华,18520.51192267647
等级1,无锡,18422.602558993167
等级1,武汉,18403.225294434684
等级1,苏州,18212.065247000108
等级1,天津,17369.053952862847
等级1,深圳北,17309.883932264333
等级1,徐州东,17194.161283205645
等级1,南昌西,17015.73179820764
等级1,温州南,16853.611231223524
等级1,宁波,16852.717749290467
等级1,西安北,16457.766734984365
等级1,南京,16413.13695822619
等级1,长春,16222.34288377238
等级1,沈阳,16203.453913827158
等级1,厦门北,16187.59177268309
等级1,徐州,15204.142259859693
等级1,合肥南,15133.007987192954
等级1,秦皇岛,14711.046019936335
等级1,济南西,14503.158960104323
等级1,成都东,14412.82058586846
等级1,商丘,13789.820450186478
等级1,衢州,13767.487150610195
等级1,北京西,13531.369966382888
等级1,济南,13392.191840344653
等级1,莆田,13144.118555565874
等级1,汉口,12909.788767705955
等级1,嘉兴南,12341.93364729903
等级1,长沙,12246.761282162088
等级1,上海,11905.239071767688
等级1,北京南,11883.517671837595
等级1,福州,11811.952604819491
等级1,南宁东,11776.373336720246
等级1,武昌,11484.57668258114
等级1,南昌,11464.924567604889
等级1,昆山南,11205.818403264648
等级1,九江,11110.457933583555
等级1,西安,11012.58928208636
等级1,福州南,10740.429138905383
等级1,兰州,10726.713746496403
等级1,镇江,10683.86584602843
等级1,宜春,10653.290027368505
等级1,广州,10637.140843031211
等级1,芜湖,10544.955015989028
等级1,蚌埠,10441.086578377784
等级1,湖州,10361.20111940319
等级1,四平,10169.872391347046
等级1,余姚北,10083.30914245132
等级1,柳州,10064.058506842695
等级1,潮汕,10023.631942582831
等级1,衡阳东,9966.656272529017
等级1,重庆西,9946.883322303876
等级1,广元,9927.24902619998
等级1,泉州,9898.49973673541
等级1,北京,9875.086105573324
等级1,天津西,9824.590028945167
等级1,桂林北,9811.0355879609
等级1,哈尔滨,9785.879592507365
等级1,阜阳,9755.386816319546
等级1,昆明南,9660.180520794356
等级1,漳州,9565.50854114681
等级1,宜昌东,9535.393673389031
等级1,锦州,9491.148885000408
等级1,贵阳北,9422.160552553383
等级1,佛山西,9236.948194193288
等级1,诸暨,9127.843842184046
等级1,怀化南,9042.589584047426
等级1,杭州南,9006.303537990205
等级1,南宁,8860.130319417201
等级1,蚌埠南,8848.03993006997
等级1,重庆北,8815.355213584377
等级1,衡阳,8767.265143488245
等级1,上海南,8639.26612717335
等级1,青岛北,8597.503097141334
等级1,宜兴,8536.598122622
等级1,哈尔滨西,8480.655645044126
等级1,德州东,8423.468809644644
等级1,兖州,8380.66703950816
等级1,鹰潭北,8362.563702678419
等级1,衡水,8316.057989720479
等级1,洛阳,8187.871836449597
等级1,萍乡北,8175.043233924845
等级1,信阳,8153.593863676869
等级1,岳阳东,8139.889634894143
等级1,台州,8129.13265777517
等级1,金华南,8076.511332489884
等级1,信阳东,8059.151114292684
等级1,合肥,8022.227744730746
等级1,潍坊,7855.6906620059935
等级1,泰山,7842.7650330649585
等级1,辽阳,7819.208877475408
等级1,菏泽,7679.386732881069
等级1,汉中,7654.248997307925
等级1,杭州,7626.84820038278
等级1,赣州,7563.704569270657
等级1,洛阳龙门,7554.991445524527
等级1,德州,7488.585778652747
等级1,苏州北,7398.252412680967
等级1,吉安,7344.824526963035
等级1,六安,7233.03961755219
等级1,保定,7221.78780257616
等级1,兰州西,7166.98240104214
等级1,广州东,7149.825580437439
等级1,永州,7121.339425800138
等级1,昆明,7003.326514944058
等级1,锦州南,6800.43962729584
等级1,淄博,6730.088935350383
等级1,宣城,6724.425518129186
等级1,驻马店西,6689.878981894832
等级1,娄底南,6626.123320588544
等级1,铁岭,6625.795610731584
等级1,漯河西,6617.553372987853
等级1,丹阳,6583.804358397717
等级1,聊城,6581.814276742511
等级1,丽水,6540.122079393609
等级1,沧州,6538.132064635796
等级1,开封,6536.23142010461
等级1,邯郸,6521.153597955447
等级1,乌鲁木齐,6504.755415219512
等级1,宝鸡,6454.239481169757
等级1,鹰潭,6425.493643186121
等级1,郴州西,6374.414590150543
等级1,怀化,6304.87763562398
等级1,恩施,6295.431869462036
等级1,荆州,6229.311051830654
等级1,齐齐哈尔,6166.340793149198
等级1,贵港,6150.257075481835
等级1,韶关东,6149.04812811029
等级1,太原南,6095.087730076212
等级1,绵阳,6059.630029431209
等级1,湘潭,5980.643987268229
等级1,公主岭,5973.010406005584
等级1,潢川,5904.863729576681
等级1,华山北,5903.952068328709
等级1,邯郸东,5851.473345046283
等级1,葫芦岛,5825.162453180612
等级1,黄山北,5817.086923718737
等级1,新乡,5807.201140477634
等级1,三明北,5791.158395272483
等级1,溧水,5756.341582232863
等级1,保定东,5752.01038640219
等级1,鞍山,5749.662308485976
等级1,包头,5745.613273679301
等级1,温岭,5712.549231292819
等级1,韶关,5659.044081771586
等级1,惠州南,5658.982112041324
等级1,太原,5658.690724979432
等级1,宿州东,5608.111344503434
等级1,漯河,5604.895875880309
等级1,武威,5582.821588709972
等级1,凯里南,5549.15805149173
等级1,绍兴北,5538.139652669462
等级1,贵阳,5533.42171091644
等级1,天水,5516.463098146224
等级1,邢台,5510.873534111108
等级1,麻城,5482.038260439132
等级1,深圳,5468.601246870437
等级1,青岛,5463.850604334216
等级1,海宁,5446.310722891123
等级1,龙岩,5429.212606225313
等级1,张掖,5400.384524484741
等级1,大连,5398.830282005837
等级1,苍南,5371.4575649605085
等级1,海城,5368.112110139332
等级1,襄阳,5344.623653337717
等级1,青田,5292.347014706994
等级1,安阳东,5276.3289217883375
等级1,南平市,5247.507846339505
等级1,来宾北,5247.29406504162
等级1,曲阜东,5239.281855569088
等级1,长春西,5228.7566980288375
等级1,滕州,5211.106842618209
等级1,安康,5207.157865194682
等级1,大连北,5179.780348486079
等级1,吉林,5146.894812157449
等级1,枣庄,5138.277919835703
等级1,肇庆东,5131.091826930047
等级1,常州北,5130.587425515959
等级1,梧州南,5130.5041080246365
等级1,虎门,5120.823510570287
等级1,东莞东,5111.986283207077
等级1,茂名,5084.832050590107
等级1,宁德,5078.631534271116
等级1,镇江南,5067.350450543761
等级1,鄂州,5061.038831648218
等级1,邢台东,5054.9830435204
等级1,无锡东,4962.236869157178
等级1,江油,4954.4658975793645
等级1,咸宁北,4950.525568297408
等级1,济南东,4948.080635111311
等级1,岳阳,4931.587553038996
等级1,盘锦,4927.711755445713
等级1,金州,4892.391397328361
等级1,深圳坪山,4879.262555763056
等级1,安阳,4879.126642989177
等级1,阳新,4876.758477456433
等级1,北戴河,4875.50571925388
等级1,株洲西,4869.184562348489
等级1,嘉峪关,4863.688662200068
等级1,永康南,4855.893608452052
等级1,绍兴东,4820.999509115876
等级1,株洲,4772.884709634122
等级1,缙云西,4766.54990682978
等级1,南阳,4739.206802938601
等级1,普宁,4717.964808478795
等级1,德阳,4717.339412484984
等级1,海口东,4703.462727563199
等级1,沟帮子,4681.846798214133
等级1,萍乡,4616.822511570385
等级1,哈密,4603.096345980594
等级1,渭南北,4594.806432704836
等级1,滁州北,4584.021608994533
等级1,驻马店,4566.3300127274615
等级1,新乡东,4559.23310400369
等级1,滦县,4546.867834677408
等级1,江山,4502.341907040057
等级1,东莞西,4501.609504143906
等级1,平阳,4469.955989591634
等级1,成都,4460.790266827685
等级1,昌图,4456.734247027478
等级1,溧阳,4440.469489079151
等级1,枣庄西,4429.203041950692
等级1,昆山,4425.906633567138
等级1,百色,4417.820321890806
等级1,遵义,4412.799327226181
等级1,乐清,4402.99909013148
等级1,达州,4397.900857034251
等级1,新余北,4393.018340533023
等级1,沧州西,4389.734393127512
等级1,莱阳,4380.562957696375
等级1,四平东,4380.55199965564
等级1,绥中,4357.727164154291
等级1,许昌东,4354.401618813996
等级1,贵阳东,4340.49727186322
等级1,陇西,4331.984185028914
等级1,厦门,4326.944448246446
等级1,湘潭北,4315.076322836624
等级1,瓦房店,4299.587283026994
等级1,新余,4288.671096450631
等级1,呼和浩特东,4284.657147661295
等级1,晋江,4265.506580263562
等级1,葫芦岛北,4253.648759351259
等级1,德惠,4251.09324204913
等级1,东莞,4247.815213042124
等级1,宝鸡南,4226.275053244247
等级1,大石桥,4209.13941801244
等级1,全州南,4168.892017498576
等级1,湛江西,4166.62144121174
等级1,金昌,4153.766459681387
等级1,长兴,4151.296242553649
等级1,龙川,4150.418843754116
等级1,熊岳城,4145.600336701344
等级1,民权,4120.929000161025
等级1,牡丹江,4108.028915118196
等级1,兰考,4090.692405680054
等级1,集宁南,4089.290132693487
等级1,曲靖北,4089.2637817553127
等级1,大同,4083.3256096866457
等级1,瑞安,4051.5432933645016
等级1,安顺西,4039.2974589470346
等级1,泰安,4029.2771423324416
等级1,滁州,4022.700493940393
等级1,福清,4022.282161850314
等级1,陆丰,4021.105027969511
等级1,鹤壁东,3988.661220071908
等级1,石家庄北,3988.451213815382
等级1,潜江,3974.8737983962583
等级1,佳木斯,3972.745512004407
等级1,抚州,3969.688048285456
等级1,天津南,3959.5884660251854
等级1,绥化,3945.823721630986
等级1,商丘南,3922.875701024714
等级1,娄底,3918.8656395053936
等级1,庐山,3904.201401614972
等级1,六盘水,3875.0413227828
等级1,宿州,3859.159989837453
等级1,云霄,3857.655539611863
等级1,曲靖,3855.341143365985
等级1,渭南,3839.317812956044
等级1,饶平,3835.568424743959
等级1,三门峡,3817.9419860944254
等级1,兴城,3811.842426984768
等级1,武义北,3789.739500925893
等级1,哈尔滨东,3789.395901636392
等级1,珠海,3785.619345696616
等级1,利川,3776.693153252639
等级1,定西,3773.07120152439
等级1,阳泉北,3748.5940504129912
等级1,诏安,3745.843494539667
等级1,贺州,3735.674029869904
等级1,甘谷,3730.571771130185
等级1,祁东,3725.0821757142335
等级1,宁海,3720.8742968975766
等级1,淄博北,3707.959902184104
等级1,东安东,3681.7162834532783
等级1,美兰,3616.425225245629
等级1,潍坊北,3599.467321085145
等级1,麻城北,3581.849669269189
等级1,开原,3566.137828378085
等级1,天水南,3554.722312659801
等级1,连云港,3551.793700747835
等级1,亳州,3550.273533713411
等级1,许昌,3545.3155619497697
等级1,任丘,3533.1732627793717
等级1,包头东,3512.5816991723973
等级1,祁阳,3504.3039033455634
等级1,孝感,3501.999182627296
等级1,潮阳,3491.5364809158964
等级1,漳浦,3467.47972788058
等级1,西宁,3463.471160784205
等级1,大虎山,3452.105936414402
等级1,肇庆,3443.5878009781068
等级1,桐乡,3438.3858887580286
等级1,金寨,3429.5754647595363
等级1,咸阳,3412.1425955333943
等级1,阳江,3404.003874648319
等级1,柳园,3391.2006494204893
等级1,阜阳西,3382.8122150934632
等级1,向塘,3377.3225314777355
等级1,呼和浩特,3356.9237837413352
等级1,嘉善南,3332.3970264672244
等级1,三门县,3277.7169509264186
等级1,运城北,3274.958723960764
等级1,沈阳南,3264.380731773468
等级1,铁岭西,3237.424351633039
等级1,盘锦北,3234.784429755693
等级1,河源,3232.71312623631
等级1,海宁西,3220.008913635471
等级1,宾阳,3210.701691690342
等级1,大朗镇,3185.910701624873
等级1,仲恺,3185.910701624873
等级1,常平东,3185.910701624873
等级1,黄石北,3177.1929623984847
等级1,通辽,3176.3241273543367
等级1,绩溪北,3170.032024063028
等级1,吐鲁番北,3160.303746925838
等级1,常平南,3157.7016585941474
等级1,寮步,3157.7016585941474
等级1,东城南,3157.7016585941474
等级1,樟木头东,3153.641215583601
等级1,沥林北,3153.641215583601
等级1,鞍山西,3149.676425804031
等级1,辛集,3126.216583546296
等级1,龙丰,3125.4321725528757
等级1,惠环,3125.4321725528757
等级1,云山,3125.4321725528757
等级1,道滘,3125.4321725528757
等级1,双城堡,3108.335356413771
等级1,池州,3105.247484807422
等级1,铜陵北,3105.071322595257
等级1,汉川,3100.9910613849006
等级1,玉林,3097.206262006383
等级1,大庆西,3097.131895984559
等级1,肇东,3067.539314077105
等级1,杨陵南,3066.2473540983283
等级1,临海,3063.237997193842
等级1,凯里,3059.839054955637
等级1,定州,3058.9504148178103
等级1,蕲春,3055.9623162371527
等级1,黄州,3054.893338921687
等级1,玉山南,3053.6308338925087
等级1,绥中北,3034.850779112863
等级1,惠州,3022.7180698881784
等级1,中卫,3012.5856109325
等级1,青州市,3009.5456510489867
等级1,巢湖东,3009.2340497248165
等级1,三亚,3005.577173658592
等级1,银川,3004.2916402036744
等级1,扶余,2998.3631408106926
等级1,白洋淀,2978.006036879124
等级1,海口,2975.6451945088484
等级1,清河城,2966.405422864704
等级1,醴陵东,2964.197025134387
等级1,嘉善,2951.5272630725467
等级1,禹城,2947.81884313041
等级1,桂平,2917.2071961226115
等级1,衡水北,2908.167380940881
等级1,霸州,2903.998970200722
等级1,烟台,2872.7106339469788
等级1,红安西,2852.2386024912657
等级1,铜仁南,2848.762363163492
等级1,桂林西,2841.740911962103
等级1,三门峡南,2841.2526303827917
等级1,酒泉,2831.549095419137
等级1,兴安北,2829.2689595611128
等级1,藤县,2824.5321985678247
等级1,十堰,2819.149737713351
等级1,涪陵北,2810.036088205008
等级1,温州,2802.4172537498616
等级1,遂宁,2799.5163386580207
等级1,汕尾,2771.818889807545
等级1,先锋,2771.6184022696
等级1,孝感北,2765.1957275885643
等级1,武义,2763.324476701281
等级1,共青城,2761.4366406537474
等级1,绥德,2756.2353308406205
等级1,鹤壁,2755.105880573311
等级1,泰宁,2751.113513366445
等级1,尤溪,2745.5537172112327
等级1,进贤南,2745.006154577776
等级1,淮南南,2734.1880202759085
等级1,平果,2729.6508997307697
等级1,平南南,2723.199498057878
等级1,白城,2718.29553381424
等级1,威海,2715.9028350838958
等级1,吐鲁番,2710.8018924069447
等级1,安达,2708.470612297569
等级1,滕州东,2707.2894327339554
等级1,全椒,2697.877855954403
等级1,千岛湖,2692.918681618682
等级1,邹城,2676.066390472729
等级1,陇南,2615.895185192439
等级1,砀山,2614.4941571056647
等级1,桂林,2612.586603956366
等级1,永康,2607.8602112661847
等级1,北海,2603.108136372052
等级1,南通,2598.65197626231
等级1,福鼎,2559.6040358508844
等级1,淮南,2551.3140034149565
等级1,板塘,2548.859461352793
等级1,德清,2545.7162389122777
等级1,宝丰,2541.9680077178423
等级1,高安,2526.3068886503024
等级1,建宁县北,2508.0529826023853
等级1,盘州,2502.9287705089832
等级1,霞浦,2500.899379738792
等级1,巢湖,2500.7001182546646
等级1,樟树,2500.3500937503245
等级1,金山北,2490.3021536534006
等级1,丰城,2479.034841366073
等级1,余杭,2478.414488728393
等级1,松江南,2478.159741646188
等级1,邵阳北,2473.0896413192577
等级1,淮北,2471.7612088039914
等级1,武夷山北,2464.980857540504
等级1,唐山北,2457.391347546907
等级1,高密,2446.059941449496
等级1,蓝村,2439.918122369331
等级1,晏城,2439.71461228414
等级1,石柱县,2438.646502432366
等级1,巩义,2424.233394225992
等级1,古田北,2418.196937275809
等级1,观沙岭,2411.4893016352794
等级1,大冶北,2398.517297561445
等级1,新化南,2395.827261604483
等级1,静海,2392.626573988552
等级1,都匀东,2385.6495645938403
等级1,建始,2376.1301494330937
等级1,香樟路,2375.8748424654164
等级1,南充北,2358.2443717972947
等级1,将乐,2352.174216132149
等级1,安庆,2351.22224385684
等级1,马鞍山东,2349.258746772363
等级1,松江,2342.0742199215083
等级1,光山,2338.3486169600887
等级1,烟台南,2337.9204475554307
等级1,弋阳,2336.031346274497
等级1,定西北,2335.777262172334
等级1,胶州,2330.34681667972
等级1,合川,2327.189170313476
等级1,青州市北,2325.4424365433683
等级1,仙桃西,2323.054693780811
等级1,抚州东,2316.537372163872
等级1,广水,2313.5015528886624
等级1,牙克石,2309.314858490108
等级1,永城北,2303.671469112076
等级1,昌黎,2295.1150252653547
等级1,天门南,2293.0500096882315
等级1,长兴南,2290.1931558811457
等级1,平原,2285.2184342171936
等级1,丹东,2278.005783871288
等级1,巴东,2270.160262042805
等级1,泊头,2267.5403189715767
等级1,田阳,2229.003869451671
等级1,临汾西,2215.209647997618
等级1,谷山,2206.882370910921
等级1,醴陵,2200.989298745168
等级1,景德镇北,2196.4405807409817
等级1,铜陵,2182.9025184956704
等级1,普者黑,2179.5149232116773
等级1,张家口,2178.462007845216
等级1,汝州,2171.9188943145264
等级1,扬州,2170.1701737674266
等级1,琼海,2168.8354797548586
等级1,小榄,2164.382567240681
等级1,益阳,2163.8418245619578
等级1,新县,2158.38687936232
等级1,平原东,2157.604271356713
等级1,盐城,2155.266751520605
等级1,中山,2153.379390197485
等级1,荆门,2146.8404159015454
等级1,仙游,2142.279932195936
等级1,奉化,2140.7078013867776
等级1,塘沽,2138.175210728106
等级1,韶山南,2137.467770086363
等级1,缙云,2132.354016525823
等级1,枝江北,2124.747188243732
等级1,泰州,2124.0588972660507
等级1,德清西,2119.7792641354968
等级1,杨陵,2119.234844504772
等级1,连江,2114.41668082208
等级1,鲅鱼圈,2113.0317389402617
等级1,云浮东,2108.045235705256
等级1,永修,2096.129137745065
等级1,普兰店,2089.191440911561
等级1,无为,2083.5226290749647
等级2,溆浦南,2078.9892299269763
等级2,海拉尔,2065.395904827142
等级2,盖州,2059.350853194168
等级2,武穴,2056.9317168629104
等级2,磁窑,2050.4433754455554
等级2,高碑店,2049.0258591998154
等级2,内江北,2048.8499136890687
等级2,本溪,2045.1440872800813
等级2,兰考南,2045.1073490658396
等级2,长流,2044.527917268873
等级2,延安,2040.8929328051815
等级2,玉门,2027.309163004245
等级2,浠水,2026.230542791707
等级2,临河,2019.7360908556957
等级2,汕头,2018.993187463789
等级2,开封北,2018.7693601449848
等级2,陵水,2015.6115408054209
等级2,万宁,2011.3331254334355
等级2,宣威,2010.3765489574228
等级2,常德,2006.4763972315184
等级2,尖山,1994.885762795304
等级2,咸宁,1992.0827872196191
等级2,罗源,1988.3276987791892
等级2,海安,1984.6818353420304
等级2,南岔,1981.355204781524
等级2,黄石,1980.3206635703684
等级2,大理,1979.4845777582357
等级2,东方,1972.737298168934
等级2,霸州西,1969.17824747352
等级2,即墨北,1967.4077738633955
等级2,渑池南,1961.1680576460828
等级2,呼兰,1959.112159508134
等级2,桐庐,1949.548004094556
等级2,肃宁,1945.2564500378903
等级2,余姚,1931.372078459926
等级2,田东北,1927.723781907966
等级2,绍兴,1926.9963746400504
等级2,福安,1923.9236179580337
等级2,建瓯西,1923.18787908573
等级2,铁力,1920.4675895853964
等级2,广南县,1913.65569611283
等级2,萧县北,1913.2725771028731
等级2,徐水,1910.4307396342156
等级2,苏家屯,1901.4227117808528
等级2,香港西九龙,1897.68966377355
等级2,白沟,1891.4578183752024
等级2,吴桥,1889.1658794486736
等级2,福田,1886.4411786493888
等级2,灵宝西,1882.8295121893764
等级2,洞井,1881.82456396191
等级2,常平,1880.2996206719783
等级2,丰都,1878.7745546677893
等级2,石门县北,1877.878745349761
等级2,哈达铺,1871.1433905240456
等级2,营口东,1870.1496386556655
等级2,三水北,1867.661360281847
等级2,开福寺,1867.4043424906088
等级2,富宁,1865.8445388565583
等级2,万源,1865.0652109517537
等级2,雁荡山,1842.4954720413043
等级2,榆次,1836.8889476865684
等级2,赤壁北,1824.889104560601
等级2,新沂,1817.0681673899296
等级2,泰和,1813.4196194341591
等级2,弥勒,1810.264227593944
等级2,合浦,1794.6611192889882
等级2,荣成,1785.6871776760545
等级2,梅河口,1779.9540294313797
等级2,东乡,1774.560237014173
等级2,芦台,1773.4541247441434
等级2,三水南,1766.3218821110663
等级2,杜尔伯特,1761.9127174606233
等级2,禹城东,1760.973838988506
等级2,长汀南,1750.5009979587576
等级2,枣强,1746.6063260341534
等级2,乌海,1743.9712193216983
等级2,鄱阳,1732.0550569947088
等级2,涡阳,1731.491122594448
等级2,南充,1730.1500578216803
等级2,侯马西,1726.2052357272485
等级2,日照西,1719.4724548939048
等级2,永福南,1718.8866068338134
等级2,于都,1718.7387295891835
等级2,胜芳,1715.1802641207223
等级2,隆安东,1714.9910729117944
等级2,渭南西,1711.123439231665
等级2,庆安,1707.4058201894718
等级2,随州,1707.2143353801882
等级2,树木岭,1705.6790224544798
等级2,齐齐哈尔南,1701.1833035394586
等级2,深圳东,1697.9174415188006
等级2,赤壁,1696.5520030965083
等级2,玉山,1693.03484030001
等级2,扎兰屯,1688.0373206391114
等级2,永泰,1685.40399514272
等级2,文昌,1684.706847820666
等级2,德安,1675.9063764142195
等级2,永川东,1670.8233060230584
等级2,张家界,1666.6486541758263
等级2,芙蓉南,1662.7700414761316
等级2,楚雄,1661.4110868904284
等级2,漳平西,1659.0803915136291
等级2,鼎湖东,1657.6097053711846
等级2,恭城,1654.9872366287043
等级2,西湖东,1644.2306888156857
等级2,城固北,1642.91169707941
等级2,来宾,1640.4366370012615
等级2,旌德,1639.3549263666714
等级2,玉屏,1637.4585671132231
等级2,明珠,1627.404816543867
等级2,明光,1626.2469737689423
等级2,进贤,1623.953316176372
等级2,德惠西,1623.6778546588737
等级2,资阳北,1623.6508235501565
等级2,新化,1623.1226402914856
等级2,南丰,1618.5885084570843
等级2,蔡家坡,1617.8535721577612
等级2,芷江,1616.806482193041
等级2,鄯善,1608.403254938063
等级2,永安南,1606.8598422719951
等级2,辛集南,1606.578395333122
等级2,章丘北,1603.0598776004138
等级2,綦江东,1601.3876603528747
等级2,长寿北,1599.7624136808663
等级2,济宁,1597.2416729212036
等级2,广安,1597.190179395789
等级2,永嘉,1594.8761186467548
等级2,歙县北,1592.8448273605316
等级2,忻州,1587.4861818502588
等级2,兴隆镇,1585.6438901899835
等级2,瑞金,1585.575537010235
等级2,大庆,1578.4092550584785
等级2,安顺,1577.55242067261
等级2,兴国,1573.755625218604
等级2,秦安,1572.9724609851846
等级2,湘府路,1571.642790769817
等级2,汤原,1567.8430595484929
等级2,白马井,1566.5413096045013
等级2,富阳,1566.1824299158968
等级2,朗乡,1562.8546292100527
等级2,东光,1560.973094144451
等级2,渠县,1558.4081605215483
等级2,绅坊,1554.1824633024517
等级2,民权北,1554.0239762474475
等级2,黎塘,1548.902587178998
等级2,南城,1543.981612308789
等级2,曹县,1540.2651261137562
等级2,淮南东,1538.5721763144445
等级2,介休东,1537.4459511875832
等级2,邵阳,1537.234147464223
等级2,敦化,1535.9225191496705
等级2,邹平,1535.427008219079
等级2,湖口,1532.076643027978
等级2,潼南,1525.831559005683
等级2,黄流,1525.4621760166842
等级2,宁陵县,1520.7695248742348
等级2,海城西,1510.3623427742011
等级2,青县,1509.2007541039095
等级2,钦州东,1503.1874010572042
等级2,三江南,1500.1294855500798
等级2,闽清北,1496.023559176523
等级2,扶余北,1494.768630982659
等级2,邳州,1494.5926567239728
等级2,岷县,1492.5264137901268
等级2,贵定北,1491.0945958743737
等级2,太姥山,1489.7421902850049
等级2,哈尔滨北,1486.1844258985705
等级2,棋子湾,1485.491607125953
等级2,定州东,1477.5576321182994
等级2,原平,1474.223544840803
等级2,鹿寨北,1470.3230569781022
等级2,乐东,1468.8685087715712
等级2,榆林,1465.5257919219332
等级2,海林,1463.5376180674036
等级2,砀山南,1462.9269291712471
等级2,大旺,1460.9481771079218
等级2,井冈山,1456.3130955680883
等级2,黔江,1448.1766016507374
等级2,青岛西,1446.580622863085
等级2,邵东,1442.2393471658056
等级2,平顶山,1437.974230731048
等级2,郁南,1435.8400453185184
等级2,霍州东,1430.29568681703
等级2,瑞昌西,1428.427600482043
等级2,南陵,1425.8621251058914
等级2,临汾,1423.4794633411475
等级2,临淄北,1420.1332795413553
等级2,滦河,1419.2480269681942
等级2,咸阳秦都,1415.6399871388587
等级2,城西,1415.3076977937278
等级2,广州北,1411.392026359505
等级2,青铜峡,1407.7358933074124
等级2,大明湖,1407.7009999559043
等级2,阳西,1404.7432160423116
等级2,阳朔,1394.0131272884043
等级2,樟木头,1392.477218920891
等级2,介休,1391.886132853751
等级2,石林西,1377.0030473495287
等级2,罗山,1376.429304175982
等级2,景州,1376.4058482011726
等级2,安陆,1375.4002099063473
等级2,甘旗卡,1368.3179045039565
等级2,涪陵,1365.3129316313025
等级2,滨海西,1364.5032705064973
等级2,平遥,1363.374252355339
等级2,恩平,1363.1977098433358
等级2,三穗,1362.995247407892
等级2,南靖,1362.9050839979325
等级2,吕梁,1361.5116635401782
等级2,焦作,1361.0902373809206
等级2,大庆东,1360.7332278794368
等级2,高碑店东,1355.4479698711666
等级2,平遥古城,1353.4361987017448
等级2,涿州东,1350.0447783730338
等级2,三明,1349.3104855933516
等级2,新干,1346.0900012056247
等级2,无锡新区,1339.507701234966
等级2,淮滨,1338.499032816224
等级2,齐河,1338.2483101464654
等级2,台安,1333.603581459827
等级2,章丘,1331.0776193485665
等级2,临高南,1327.0351333047388
等级2,晋州,1324.7372047635647
等级2,钟山西,1324.5298376071291
等级2,定远,1324.0336279268586
等级2,胶州北,1323.475695274302
等级2,大荔,1322.4553398464384
等级2,吉首,1322.228094112677
等级2,冠豸山,1320.4883967154678
等级2,商洛,1319.9542286073604
等级2,凤城东,1315.4189756154483
等级2,化德,1312.7485088296366
等级2,桑根达来,1312.7485088296366
等级2,祥云,1308.5384006053996
等级2,汨罗东,1308.3962599141623
等级2,廊坊,1302.58630070249
等级2,郓城,1295.0814545475405
等级2,阿房宫,1294.7438360850274
等级2,新晃西,1291.9653149298824
等级2,山丹,1290.487900117295
等级2,泾县,1289.4661171641317
等级2,息县,1283.3628534053094
等级2,九台,1277.4794668299514
等级2,尚志,1276.9142943959532
等级2,武当山,1274.6835062837274
等级2,太谷西,1271.5181166298848
等级2,赣榆,1269.8675303351702
等级2,桃村,1265.423302000721
等级2,内乡,1261.060525053298
等级2,东胜西,1260.209389889867
等级2,深圳机场,1259.1362253853324
等级2,正镶白旗,1258.3072135171672
等级2,惠农,1257.6663372108198
等级2,宁强南,1252.678881121846
等级2,石嘴山,1250.0136150271146
等级2,洋县西,1249.0486080759767
等级2,灵宝,1247.10863611124
等级2,渭源,1246.9099599522358
等级2,慈利,1246.5677014850232
等级2,陆川,1245.6354829202764
等级2,莱西,1245.3785903592795
等级2,石河子,1241.0363489519818
等级2,永济北,1238.0609646772168
等级2,寿县,1236.0740033543752
等级2,耒阳西,1231.576663883392
等级2,西安南,1230.810955528927
等级2,商城,1229.1322848797304
等级2,桐梓东,1225.790224834736
等级2,湘乡,1223.1150936342926
等级2,闻喜西,1221.3981142350715
等级2,邓州,1220.6511302915676
等级2,奎屯,1219.5528525168356
等级2,巩义南,1219.05281581068
等级2,杨柳青,1218.9805964878285
等级2,佛山,1217.7903737366132
等级2,铜仁,1215.8442288354745
等级2,唐河,1215.263548178444
等级2,乌拉特前旗,1214.53485883337
等级2,剑门关,1211.6082451132038
等级2,开平南,1210.7092808489692
等级2,昌图西,1209.4778777333174
等级2,抚顺北,1208.934693610641
等级2,廊坊北,1206.423508856669
等级2,通化,1205.9829782329691
等级2,广德,1205.792844527936
等级2,郑州西,1205.1341502799655
等级2,南部,1201.0018793642782
等级2,平湖,1200.6343188412363
等级2,吴川,1193.8039698552852
等级2,镇远,1187.7907283458164
等级2,开原西,1186.563254488925
等级2,龙江,1185.0965591826534
等级2,深圳西,1183.6963519964115
等级2,衡山西,1181.2671316517926
等级2,海石湾,1180.8820614883691
等级2,镇平,1175.2747105440712
等级2,宜宾西,1173.4994942925478
等级2,亳州南,1171.327339355679
等级2,枣阳,1170.0503873420184
等级2,宣汉,1167.5734893031467
等级2,固始,1167.326576003553
等级2,六枝,1166.7056829416065
等级2,乐山,1163.9792518458855
等级2,泰来,1161.8705924730305
等级2,水家湖,1160.1859488376404
等级2,西峡,1159.3898754909208
等级2,珠琳,1157.6001810388057
等级2,林东,1154.431429693651
等级2,查布嘎,1154.431429693651
等级2,大板,1154.431429693651
等级2,岐山,1153.4806469918942
等级2,云梦,1153.197198135898
等级2,如皋,1149.3834358802392
等级2,柴沟堡,1149.3667815252309
等级2,渑池,1146.7444292632076
等级2,丹凤,1145.4925776311743
等级2,葵潭,1145.2273671808978
等级2,梅州西,1144.5635237214428
等级2,萧县,1143.7698134445925
等级2,石家庄东,1141.0647947929558
等级2,隆昌北,1136.961013070524
等级2,临沂,1134.516211547551
等级2,清远,1132.1662498285373
等级2,宣化,1128.7058412150443
等级2,阿城,1126.1985477063715
等级2,洪洞西,1116.5447726897487
等级2,双城北,1112.6790492856449
等级2,从江,1111.086635151646
等级2,陶赖昭,1110.1507553809656
等级2,重庆,1107.9601711938444
等级2,乐都,1105.6064918588556
等级2,英德西,1102.8871056912585
等级2,鲁山,1102.8518140554995
等级2,湛江,1101.859092667345
等级2,万州,1100.1619525127169
等级2,青白江东,1099.9801386074105
等级2,辽中,1097.11021679684
等级2,当阳,1097.0312036804314
等级2,灵石东,1096.8344409406836
等级2,霍州,1096.320520973706
等级2,通渭,1094.064312328015
等级2,龙游,1092.0019987557964
等级2,延吉西,1089.3984905434097
等级2,顺德,1089.3700886085553
等级2,电白,1085.1124232072282
等级2,江宁,1080.6767655152994
等级2,分宜,1080.17580513008
等级2,定边,1074.411187252646
等级2,溆浦,1073.8172736578065
等级2,瑞昌,1073.501902259488
等级2,金山卫,1072.895611526454
等级2,肥东,1070.5628864249727
等级2,依兰,1065.598649127158
等级2,台山,1065.3766962322738
等级2,暮云,1061.697619191122
等级2,太谷,1058.0981660353557
等级2,南召,1053.854745022266
等级2,太平川,1052.4045749722784
等级2,资中北,1046.3418261851969
等级2,商都,1043.7016289731785
等级2,涟源,1040.5969372300085
等级2,连云港东,1038.4737209073662
等级2,丰镇,1035.7057645345983
等级2,富拉尔基,1032.4102708874004
等级2,彰武,1027.703607749667
等级2,信丰,1026.0226567224893
等级2,老城镇,1025.1556036307595
等级2,繁昌西,1014.5352173278828
等级2,高台,1012.7697604963572
等级2,瓦房店西,1012.653125251718
等级2,蒲城东,1011.4271325119182
等级2,容桂,1009.864305434274
等级2,定南,1006.2545437654022
等级2,大英东,1003.803515237313
等级2,德兴,1003.344968578666
等级2,开鲁,1003.0245655253358
等级2,库尔勒,1000.3825809297938
等级2,淮安东,1000.379756614028
等级2,洪洞,993.5418637789344
等级2,商南,990.3453500862804
等级2,宾州,989.647724465828
等级2,苏州园区,988.886388141817
等级2,卫辉,988.0936373605545
等级2,滨海港,987.0969023213124
等级2,西柳,982.324502142268
等级2,蛟河西,982.1767238970812
等级2,正定机场,981.8795102339092
等级2,喀什,980.3972494491984
等级2,犀浦,980.0507128934066
等级2,碾子山,980.04752778748
等级2,谷城,977.232602885923
等级2,花园,975.0895308564476
等级2,带岭,974.4665115896642
等级2,秀山,973.3481431461792
等级2,清原,973.168198404342
等级2,岚山西,969.7912767094134
等级2,西平,966.4727768670076
等级2,萨拉齐,966.3378607825764
等级2,富裕,965.680533295688
等级2,虎门北,961.0740293862254
等级2,丹阳北,960.383109247654
等级2,汤阴,954.4276625151646
等级2,高邑西,951.181511927168
等级2,灵石,945.3800814332544
等级2,苍溪,942.7925398028613
等级2,偃师,937.5247312334049
等级2,鸡西,936.668410054128
等级2,高密北,936.2200536525772
等级2,涿州,934.4943640007242
等级2,金月湾,931.6280645282424
等级2,都昌,929.8185389909028
等级2,阜新南,928.9443737899696
等级2,加格达奇,926.5216002551124
等级2,沙湾县,923.1927495780322
等级2,樟树东,916.1387211055298
等级2,讷河,915.9926300252656
等级2,博克图,915.7743049479482
等级2,华山,914.8301768137752
等级2,深州,910.8135732284125
等级2,尖峰,910.3280931294122
等级2,射阳,906.353547308918
等级2,阳高,905.902357033362
等级2,龙南,902.217129740241
等级2,磐石,901.9155008332114
等级2,鄯善北,899.620408145776
等级2,襄汾西,898.7646417157707
等级2,沙城,898.4886346061478
等级2,董家口,896.0889504442608
等级2,藁城南,892.8343465212228
等级2,浩良河,891.291627321674
等级2,公主岭南,890.6460654058712
等级2,玉溪,889.4187179783778
等级2,古田会址,887.9531408342184
等级2,万州北,887.0942654312503
等级2,苇河,882.1353244441685
等级2,松原,880.3172139799937
等级2,瓦屋山,878.4233031280229
等级2,淮安,877.328918123637
等级2,冷水江东,876.2877637689443
等级2,日照,873.419522033557
等级2,桐柏,872.0073612173053
等级2,惠安,869.6585856125319
等级2,江油北,869.284578666724
等级2,响水县,868.4665074457525
等级2,文登东,866.0957814841099
等级2,城固,860.6465300267241
等级2,侯马,859.3812018581972
等级2,北安,858.1928457050865
等级2,平度,855.6800440992132
等级2,阿克苏,854.4088872037988
等级2,运城,851.2144805808008
等级2,武胜,850.6844877257283
等级2,滨海北,849.0700243109806
等级2,嫩江,848.6022715174739
等级2,阳平关,846.0851553303346
等级2,饶阳,844.9577923465448
等级2,马踏,836.9313978943878
等级2,茶陵南,836.8502947887306
等级2,台前,836.3328332652302
等级2,中堂,834.7231195939621
等级2,峡江,833.6022171548177
等级2,库车,833.5859989532795
等级2,尚志南,831.832653527044
等级2,东台,831.5174239094297
等级2,富县东,825.9726302799994
等级2,亚布力,822.583826476574
等级2,临泽,822.4297610081558
等级2,河唇,821.4421103918887
等级2,海伦,820.6138746787047
等级2,新都东,819.6182100240256
等级2,旬阳,819.1876819241252
等级2,明港东,813.2891310722212
等级2,贵溪,810.9698842888723
等级2,洮南,808.097468723412
等级2,息烽,806.170787424622
等级2,龙嘉,806.049784058119
等级2,怀集,804.1197187519185
等级2,祁县东,803.6358364235997
等级2,临清,801.1821982334328
等级2,伊宁,801.1144824415593
等级2,双辽,800.9538066620973
等级2,大安,800.3472281608357
等级2,长安,796.2674228529667
等级2,惠东,794.5744128236827
等级2,确山,794.3111060225337
等级2,东港北,791.9335391398024
等级2,广汉北,791.8392535812945
等级2,牟平,790.2653724575532
等级2,文水,789.9757561884425
等级2,张家界西,785.2202657953554
等级2,平邑,783.8012001731062
等级2,阜宁东,782.6145095936839
等级2,荣昌北,780.0644756702604
等级2,梁山,779.0732578983628
等级2,徐家店,778.2461742661567
等级2,周口,777.4810398056601
等级2,新郑机场,772.865536687749
等级2,满洲里,772.5355628167878
等级2,武山,770.1697569899641
等级2,镇安,768.0854514907994
等级2,营山,767.6730734366791
等级2,汉阴,765.7907081704018
等级2,亭林,763.5042231966283
等级2,福泉,763.0323244890435
等级2,新桥,762.6679751724278
等级2,车墩,762.6679751724278
等级2,鲘门,762.4347296705025
等级2,农安,761.8577075164636
等级2,临沂东,758.434139708051
等级2,唐家湾,758.3835433433707
等级2,遂溪,757.6466384147767
等级2,横道河子,757.3919983961763
等级2,卓资东,756.7293471636781
等级2,周口东,754.0240492805427
等级2,广通北,752.517034651421
等级2,晋中,752.0439504667019
等级2,璧山,751.3869259517775
等级2,安图西,750.780682158917
等级2,衡山,749.8296177236296
等级3,朝阳镇,748.8365626235204
等级3,谭家井,746.2015329273871
等级3,平凉,744.8664353359169
等级3,绥棱,739.8279032413742
等级3,酉阳,738.5039674104556
等级3,句容西,738.1712473058569
等级3,林口,737.4086690279638
等级3,盖州西,736.6788696420684
等级3,丰顺东,735.0748901699131
等级3,春申,733.9088674594503
等级3,子长,731.7905463818936
等级3,富源北,729.9883975363658
等级3,固原,726.047030208428
等级3,惠山,725.9192403708561
等级3,大雁,723.9577073348933
等级3,青城山,723.0623857632647
等级3,虞城县,722.9015350612726
等级3,郴州,722.653756374658
等级3,涵江,722.6293244259733
等级3,庄河北,721.8934890614439
等级3,罗江东,721.7893648451022
等级3,免渡河,721.1382141802607
等级3,大杨树,720.1530199727046
等级3,双流机场,719.8872589109681
等级3,金山园区,718.9776928244357
等级3,叶榭,718.9776928244357
等级3,焉耆,717.6420593981604
等级3,扎赉诺尔西,716.7937533458754
等级3,中山北,715.7437167035106
等级3,玉田县,715.0839735505558
等级3,海阳北,713.514408663511
等级3,武功,712.2562617222153
等级3,绥芬河,710.6991484519136
等级3,苏州新区,709.4063971811468
等级3,沭阳,706.0711547433812
等级3,横峰,702.7499654276787
等级3,安仁,702.4185150265664
等级3,一面坡,701.7499960973728
等级3,五府山,701.5852533070849
等级3,曲阜,700.4897489874671
等级3,茂名西,695.7313420441255
等级3,嘉峪关南,694.8951165200684
等级3,经棚,693.2738503352624
等级3,鄂尔多斯,692.6919423656485
等级3,张掖西,692.4166037359988
等级3,博鳌,692.372677576725
等级3,眉山东,691.3280247729296
等级3,山阴,687.1296824873956
等级3,龙洞堡,685.1274389346988
等级3,滨海,682.5225997102734
等级3,祁县,681.9876656872899
等级3,亚布力西,681.191734323953
等级3,图们北,679.6419499252225
等级3,怀仁东,677.5416293702434
等级3,乌兰浩特,676.6635408633288
等级3,珞璜南,674.1107489310888
等级3,兴业,673.2163918926867
等级3,平安驿,669.651599220184
等级3,揭阳,666.6106302757485
等级3,阜新,664.8615928944427
等级3,紫阳,663.9026974913313
等级3,福山镇,662.6044235992863
等级3,安化,661.1539783293409
等级3,义马,661.1317089447282
等级3,同心,659.6896181278321
等级3,旬阳北,659.2713724076651
等级3,叶柏寿,658.9898341540658
等级3,应县,655.9328173755403
等级3,文地,655.6974430683333
等级3,中宁,655.6160754244738
等级3,莒南,652.728627541776
等级3,白银西,652.5203326331981
等级3,费县,650.018468919682
等级3,葛店南,649.9222109727073
等级3,赤峰南,647.0363662702684
等级3,武隆,643.850084963188
等级3,方正,643.6025512553852
等级3,廉江,643.0240372496377
等级3,武威南,641.5213144755091
等级3,靖边,640.9588630128445
等级3,沙河市,640.882706455242
等级3,宁武,639.4454253681762
等级3,长治北,638.7532515894046
等级3,黄山,638.6202091716416
等级3,端州,637.5045077624052
等级3,四会,636.5830976690601
等级3,桐城,636.1708083058314
等级3,乌海西,635.0311911151354
等级3,黄村,633.4372367951821
等级3,简阳南,631.4661132905552
等级3,长葛,630.6257817112231
等级3,禄丰南,628.5693224495768
等级3,项城,625.5279555337011
等级3,敦煌,623.4606788455013
等级3,襄汾,620.4798345299939
等级3,穆棱,619.1116912844853
等级3,神树,618.9145215625078
等级3,沈丘,618.4891719923125
等级3,三门峡西,617.8121433629262
等级3,威海北,617.3078130244533
等级3,闻喜,616.3683148629481
等级3,康金井,615.9102856343738
等级3,绩溪县,615.043764264764
等级3,石泉县,613.6444997205112
等级3,香兰,606.7614958748468
等级3,秀英,606.7480687796041
等级3,朔州,606.5262687696633
等级3,昂昂溪,605.0985986616533
等级3,威舍,604.2037664716213
等级3,角美,602.4679331389303
等级3,彭水,601.0217781056449
等级3,承德,597.7685816968451
等级3,昭山,596.9715408024117
等级3,怀仁,595.4090561213586
等级3,新和,593.7720368063857
等级3,榕江,592.2819272333714
等级3,狮山北,589.7134679490077
等级3,咸宁南,588.4933295979044
等级3,普湾,587.9083339669206
等级3,关林,586.4704183031749
等级3,阿图什,586.2122544863595
等级3,贵定,583.5751199103038
等级3,晋城,582.5770332902524
等级3,长治,582.5770332902524
等级3,成都西,582.4042974742381
等级3,长安西,581.794431231537
等级3,西乡,578.985033845024
等级3,梧州,578.9571996111196
等级3,道州,578.9571996111196
等级3,江华,578.9571996111196
等级3,武夷山,577.6464149479606
等级3,永登,574.9535574392144
等级3,兴义,573.8860995077473
等级3,精河南,571.5470071903675
等级3,朝阳南,570.7378962384046
等级3,绥阳,566.1450430036937
等级3,烟筒屯,563.0064129741774
等级3,大足南,560.1101091123275
等级3,桃村北,559.537215060851
等级3,大孤山,557.47237903194
等级3,耒阳,555.9913688555308
等级3,固镇,552.7716710263868
等级3,汾阳,552.4715895770213
等级3,揭阳机场,551.6473809276364
等级3,当涂东,551.4542922085982
等级3,兴宁,549.8996857013201
等级3,海林北,549.6683185728405
等级3,景德镇,549.6579861256314
等级3,灌南,545.1708939043492
等级3,光明城,540.3379494734959
等级3,兴平,538.5495216701856
等级3,武清,537.5469470700048
等级3,广宁,531.9945695720801
等级3,莒县,530.3402692781658
等级3,诸城,530.3402692781658
等级3,云东海,529.7887431674357
等级3,赶水东,528.4567496796116
等级3,双水镇,527.6095302824118
等级3,化州,522.598807344842
等级3,上虞,520.6582589478868
等级3,庙山,518.68192901532
等级3,阿城北,515.9828560397539
等级3,孝感东,514.7714417589759
等级3,延吉,513.1523284520631
等级3,海门,510.7001743917189
等级3,马鞍山,509.8712087435286
等级3,太和北,508.3118083096993
等级3,界首市,508.3118083096993
等级3,通远堡西,507.57583066349946
等级3,吴堡,507.228848343514
等级3,关岭,506.0171715866759
等级3,戚墅堰,505.4535474574151
等级3,临城,501.9396316457877
等级3,双丰,500.47824005366346
等级3,白山市,499.0825479267145
等级3,燕郊,497.5242364187907
等级3,蛟河,496.9228703332512
等级3,麻阳,490.6126982565047
等级3,拉哈,488.73382436406433
等级3,南湖东,488.2036531076583
等级3,密山,485.2381286224917
等级3,青堆,482.1125911413271
等级3,五莲,477.4996248704729
等级3,察素齐,476.9565734016637
等级3,梁平南,476.56186391455446
等级3,酒泉南,476.20027440191706
等级3,汨罗,475.9048150106778
等级3,金城江,474.2012583350795
等级3,贵定县,474.014873010879
等级3,龙市,472.7860856874231
等级3,新会,471.2188147481336
等级3,新立屯,469.609581496304
等级3,靖州,466.7240963353021
等级3,都江堰,466.2318588155495
等级3,梅州,465.6210492152296
等级3,荷塘,464.7713059349
等级3,白河东,464.5086317701107
等级3,建阳,464.3048960768935
等级3,太和东,462.5331238119937
等级3,古镇,461.7140311697565
等级3,瓜州,461.5997170803438
等级3,漳县,458.8405531461374
等级3,遵义南,458.3614785803063
等级3,昌乐,456.860871936821
等级3,交城,456.09302842760167
等级3,涟水,455.0804332568425
等级3,黄冈东,453.91536121246327
等级3,鹤岗,452.6065208082944
等级3,轮台,452.13655917579655
等级3,雅安,451.745033599198
等级3,虢镇,451.1974266072255
等级3,修文县,451.1030590718234
等级3,德令哈,450.5804223789803
等级3,镇赉,449.4060249395207
等级3,平山,448.98308486437793
等级3,林西,445.9740551058068
等级3,桃山,445.5522194159549
等级3,通北,443.4511938815377
等级3,新安县,441.67978432765926
等级3,临泉,440.9151742083446
等级3,源潭,440.5619982683867
等级3,五家,440.4408861666304
等级3,中川机场,439.4606192491472
等级3,九三,438.0170511604631
等级3,英德,437.97999035082273
等级3,汤逊湖,437.9622597953471
等级3,达拉特西,437.91245086999686
等级3,三源浦,437.3355874794109
等级3,上海西,432.5519810783942
等级3,庐江,431.9169415139187
等级3,定陶,430.2405814399795
等级3,乌苏,429.3137152289584
等级3,景泰,427.5403526157481
等级3,沂南,427.0494185445164
等级3,济源,426.5551376080261
等级3,太湖,424.873048232512
等级3,清涧县,424.8236508798964
等级3,乐昌东,424.5298501423601
等级3,南华,423.3977058662484
等级3,牛河梁,421.2672523891358
等级3,朝天,420.2556916052093
等级3,徐闻,418.4439488968901
等级3,临颍,414.60630047276095
等级3,江永,414.37895556153313
等级3,零陵,414.37895556153313
等级3,龙里北,413.6341729812808
等级3,普安县,413.32733045850495
等级3,天镇,413.1756383325653
等级3,清河门北,412.65878169131673
等级3,融安,412.570591363412
等级3,洪梅,411.82107688726273
等级3,子洲,411.749197482583
等级3,莎车,411.38588576731183
等级3,辽源,410.2199139476695
等级3,贺胜桥东,407.6254990728641
等级3,本溪新城,406.362016340568
等级3,高平,406.19457148861073
等级3,白奎堡,406.0015212584095
等级3,鼎湖山,405.949627329388
等级3,高邑,405.0868024338903
等级3,江桥,403.7636326298111
等级3,新肇,403.07575583866014
等级3,勉县,403.0442361956247
等级3,攸县南,401.356357085396
等级3,炎陵,401.356357085396
等级3,融水,400.7778720111264
等级3,陇县,400.0549774943256
等级3,新民,397.9667631797025
等级3,银滩,395.14138476822734
等级3,安图,392.9199020998648
等级3,枫林,392.7802063038748
等级3,江宁西,390.7500331675594
等级3,隆回,390.3169183783262
等级3,五龙背东,390.2007873832218
等级3,巴楚,389.8943007127277
等级3,和田,388.9380273509155
等级3,洞口,385.362311349766
等级3,宜州,385.1023158408935
等级3,郯城,385.09530030843126
等级3,正定,379.39362438292
等级3,天祝,379.1022885636304
等级3,江门东,378.0090472202056
等级3,虎林,377.2103435812032
等级3,南朗,371.5402520148919
等级3,阳春,371.0743152430492
等级3,蓬安,370.8395495877386
等级3,苇河西,369.9166598562461
等级3,义县,368.7339834532916
等级3,东海县,366.2701045242386
等级3,防城港北,363.680935437057
等级3,沂水,362.7257604532201
等级3,开江,361.8845506582119
等级3,兴国西,360.7071431993032
等级3,三都县,359.8644601632194
等级3,红果,356.3958817229676
等级3,山坡东,352.92376180384286
等级3,南宁西,351.86866289082576
等级3,拉萨,350.57715629305284
等级3,新塘南,349.7895736820806
等级3,阳澄湖,349.151255524283
等级3,松滋,347.8894817810424
等级3,纸坊东,347.8876258613358
等级3,丽江,346.7636708377356
等级3,安广,343.1979364764968
等级3,东方红,343.10711140409154
等级3,迎春,343.10711140409154
等级3,克山,342.4231294440397
等级3,会昌北,342.3175693622677
等级3,梁平,339.9104026319982
等级3,长山屯,339.85416445383544
等级3,大营镇,338.89321851029104
等级3,巨野,338.88403831557906
等级3,凌源,337.12608539929056
等级3,那曲,335.92290970853423
等级3,神州,333.45619156445764
等级3,阳谷,333.2477311060667
等级3,沙坪坝,333.0820301808837
等级3,蓬溪,329.0926591502649
等级3,军粮城北,327.0489559689415
等级3,黄陵南,326.8830935653266
等级3,永济,326.80219522927786
等级3,青莲,326.6617975794173
等级3,彭山北,325.99105991056194
等级3,伊春,324.98783071214564
等级3,师宗,323.7841233616034
等级3,山市,323.6757075245064
等级3,富锦,322.84312785071603
等级3,赵光,322.29479039025483
等级3,吉安西,320.8324263788853
等级3,钟祥,320.20785440545006
等级3,松江河,319.802617909382
等级3,白河,319.802617909382
等级3,庆盛,319.54895249855565
等级3,西渡,319.2583739398065
等级3,双洋,316.6394802527899
等级3,林源,316.20963925479947
等级3,太阳升,316.20963925479947
等级3,立志,316.20963925479947
等级3,横道河子东,315.61255876290886
等级3,王岗,314.20478009418434
等级3,五原,312.2794211086732
等级3,广安南,312.2121498647357
等级3,草海,311.0401782746105
等级3,通道,310.1952084946452
等级3,明城,310.1251671647749
等级3,文登,310.00021682121053
等级3,潮州,309.9473309289062
等级3,格尔木,309.6788131312255
等级3,虎门东,308.1268038686948
等级3,灵武,308.02161488556305
等级3,应城,307.72233349239525
等级3,白河县,307.37936633777326
等级3,民乐,307.1328137824936
等级3,福利屯,305.0329969763051
等级3,北滘,303.6761676360742
等级3,黄冈,303.2324561748512
等级3,垫江,302.27989948928297
等级3,义县西,301.60176459068794
等级3,安江东,301.5795482672244
等级3,珠海北,301.3787797544479
等级3,双峰北,300.7413505545589
等级3,和硕,299.63622141754234
等级3,大余,298.4801545934377
等级3,临湘,297.45183843955726
等级3,米脂,296.4193554288138
等级3,宜城,296.15638449817203
等级3,城子坦,294.9162034671172
等级3,昭通,293.717110172824
等级3,都匀,293.2896686107208
等级3,麻尾,292.7138508482091
等级3,沁县,292.0398940124518
等级3,承德南,291.4935994155508
等级3,乌奴耳,291.1964619427656
等级3,八面城,290.8774486679157
等级3,塔哈,290.8485707388129
等级3,普安,289.84441415204714
等级3,柳园南,287.8045192323214
等级3,兰州新区,287.4680407694725
等级3,枝城,287.22620974162817
等级3,泗水,287.035109296986
等级3,桃源,286.8285648147099
等级3,大石头南,286.1825657734493
等级3,彭州,286.0991896958848
等级3,伊图里河,284.92679378971746
等级3,岳池,284.16469267096994
等级3,夏格庄,283.45537730526644
等级3,狮山,280.62742744083505
等级3,界首南,278.28507083791555
等级3,犍为,277.898435729008
等级3,低窝铺,277.5520682185586
等级3,五女山,276.7556703325976
等级3,兴隆县,276.45818172025844
等级3,马兰,276.388769266612
等级3,鹰手营子,276.33968399544864
等级3,红彦,275.03038051165146
等级3,黑河,274.571322424512
等级3,孙吴,274.571322424512
等级3,扶沟南,274.5460743845985
等级3,东边井,274.00466677438817
等级3,平庄北,272.8939068699864
等级3,天义,272.8939068699864
等级3,庄桥,272.6012036798453
等级3,奈曼,272.2478440317534
等级3,嘉祥,272.20026961102315
等级3,牙屯堡,270.72208998369445
等级3,临澧,270.39688363865235
等级3,石人城,270.0625904031091
等级3,叶城,269.8964000434693
等级3,烟筒山,268.993546377737
等级3,临沂北,268.24596500102007
等级3,花园口,267.9836243105634
等级3,三河县,265.1123860373757
等级3,柴河,265.02683447526954
等级3,辰溪,264.6632757092949
等级3,岑溪,263.959889536472
等级3,容县,263.959889536472
等级3,皮口,263.9068370540845
等级3,帽儿山,262.8987541293601
等级3,嵩明,262.3101028014463
等级3,查干湖,261.95467493383103
等级3,沈家,261.87407589425504
等级3,柳河,261.2364554062728
等级3,新民北,260.4422336230706
等级3,邛崃,259.025890735336
等级3,墨玉,258.886435327692
等级3,黄梅,258.246238090244
等级3,颍上,257.95256580694286
等级3,兰棱,257.6940052894264
等级3,会同,256.92251794647615
等级3,一面坡北,253.47899105186292
等级3,崇州,252.66855093223947
等级3,五大连池,250.12312743199584
等级3,轩岗,249.735486112569
等级3,胜利镇,249.56426357601052
等级3,长沙西,246.4515491266186
等级3,泗阳,246.03395554032332
等级3,小岭,245.14726333166928
等级3,南杂木,244.2386440002623
等级3,阜宁,243.90230723361816
等级3,土地堂东,243.30748528520184
等级3,南丹,242.2294862828224
等级3,乌鲁木齐南,242.07428157387184
等级3,乐平市,241.75647857687943
等级3,高台南,241.3872620232173
等级3,完工,240.367855004771
等级3,长寿湖,240.10424413372536
等级3,临泽南,239.94572834191612
等级3,张家口南,239.5228957569757
等级3,楚山,238.2900426831161
等级3,安口窑,236.09213887063464
等级3,安亭北,235.81808500436492
等级3,西丰,235.42892116798436
等级3,昆玉,235.22370714841685
等级3,克东,234.63097515677637
等级3,江都,234.23868166658087
等级3,宁东,232.618585098444
等级3,平泉北,231.20478351087
等级3,坪石,230.3507961819648
等级3,平泉,229.99367122595623
等级3,密云北,229.83882774689272
等级3,咸丰,229.11810741530567
等级3,嵯岗,228.92252664174347
等级3,阿克陶,228.78494456513727
等级3,向阳,227.93229985830243
等级3,横沟桥东,227.83658555592137
等级3,枣庄东,227.7273828924715
等级3,甘泉北,226.6191825330456
等级3,王府,226.5882959289484
等级3,蒙自,226.39855020313308
等级3,盐池,225.99292527092388
等级3,舒兰,224.7967717509007
等级3,淮北北,224.54666116217064
等级3,皋兰,223.9526150397188
等级3,京山,223.79437861423023
等级3,姜堰,223.5705573140411
等级3,株洲南,222.75894091680715
等级3,大丰,222.75894091680715
等级3,田心东,222.75894091680715
等级3,龙镇,222.42373859275116
等级3,玛纳斯,222.3433457711356
等级3,哈力图,221.36379050306357
等级3,赣州西,220.87793946338115
等级3,罗平,220.32700219151212
等级3,隆化,220.12594303187865
等级3,成都南,219.33843066223312
等级3,鸡东,218.8052363223269
等级3,北井子,218.79795245404068
等级3,沈丘北,218.6820828700694
等级3,根河,217.93125364873632
等级3,库都尔,217.93125364873632
等级3,东京城,214.17040447851707
等级3,伊拉哈,214.0858659534157
等级3,灯塔,213.31126473231228
等级3,成高子,212.83245802662236
等级3,施秉,212.32062489981823
等级3,张维屯,212.17822856287063
等级3,吐哈,211.436636602745
等级3,杏树屯,211.00791607523425
等级3,阜南,210.99197733984408
等级3,南雄,210.9341022594873
等级3,丰顺,209.7588551957093
等级3,阳曲,209.62562861185427
等级3,巴林,209.39576677283645
等级3,元氏,208.2352657489178
等级3,宁国,208.1934562236102
等级3,宝林,208.06439331677183
等级3,月山,207.79425387754367
等级3,宋城路,205.8716693133087
等级3,徽县,205.72957552836988
等级3,两当,205.72957552836988
等级3,凤县,205.72957552836988
等级3,略阳,205.72957552836988
等级3,华蓥,204.68661582451443
等级3,祁门,202.7460670291657
等级3,皮山,201.783949980504
等级3,勃利,201.55095605321432
等级3,小市,201.5478946510193
等级3,宿迁,201.31007751593592
等级3,前进镇,200.86226250485024
等级4,威岭,200.4177571233511
等级4,揭阳南,199.61429807888848
等级4,四合永,199.0562541152018
等级4,老莱,198.44920510659725
等级4,五常,197.63679296942115
等级4,东丰,197.128752046035
等级4,三江县,196.70264467820584
等级4,朱家沟,196.530541749957
等级4,高州,195.40549974544084
等级4,煤田,195.26270634031093
等级4,牧原,195.26270634031093
等级4,三家店,194.96642858777068
等级4,阳邑,194.77068548102332
等级4,磁山,194.77068548102332
等级4,井店,194.77068548102332
等级4,黎城,194.77068548102332
等级4,常山,194.468354563859
等级4,始兴,193.9121812296676
等级4,龙山北,193.21263643609072
等级4,邵武,193.13930668985452
等级4,襄垣,192.97508026697668
等级4,乌尔旗汗,192.20243554561932
等级4,宋,191.9594376185692
等级4,建瓯,191.823485082685
等级4,岩山,191.7969704375112
等级4,锡林浩特,191.14156411029745
等级4,乌兰察布,190.09801117093625
等级4,富源,189.7744642572616
等级4,图里河,188.5881449484965
等级4,元宝山,187.84833726098623
等级4,姚渡,186.8013744483715
等级4,永安乡,184.4593416960982
等级4,依安,182.6904507318506
等级4,北京东,182.19719899377972
等级4,通州西,181.19276969369847
等级4,乐昌,180.6458504162439
等级4,喀左,180.47298492048617
等级4,峨眉山,180.13585729748098
等级4,淮阳南,179.83636048453695
等级4,新邱,178.01688779087334
等级4,讷尔克气,177.63988985364892
等级4,邵阳西,177.27432396358913
等级4,敖汉,176.97738398336077
等级4,黑山北,175.83599473131466
等级4,下板城,175.16192211502147
等级4,高楞,174.64949963271508
等级4,大安北,174.62220546836733
等级4,乾安,174.62220546836733
等级4,五台山,174.04636281056116
等级4,代县,174.04636281056116
等级4,繁峙,174.04636281056116
等级4,宁安,173.5875990915918
等级4,襄河,173.2368723450927
等级4,鹤庆,173.1254683625164
等级4,朝阳,172.1794827682853
等级4,土溪,172.16159249364304
等级4,新友谊,172.1342078852503
等级4,郭家店,171.84320529229748
等级4,建水,171.28938935615844
等级4,顺德学院,171.00833327429618
等级4,张桥,170.05304340972938
等级4,石林,170.05299732713192
等级4,青神,169.5773241933126
等级4,恒地营,169.3440535218953
等级4,平昌,169.1563695447098
等级4,巴中,169.1563695447098
等级4,哈克,168.9107851125923
等级4,土贵乌拉,167.19622863496176
等级4,潞城,167.172990957953
等级4,营口,166.3954924360899
等级4,西固,165.40901918325395
等级4,晨明,165.12280765383915
等级4,咸宁东,164.24785358177482
等级4,桦南,163.2639550794782
等级4,乌固诺尔,161.84900628683323
等级4,八方,161.406538130231
等级4,双牌,161.3110915986429
等级4,富川,161.3110915986429
等级4,达拉滨,161.0710541963241
等级4,白涧,160.72605585716224
等级4,杨桥,160.58949381453425
等级4,榆社,160.54342142307473
等级4,南芬北,159.73953809630964
等级4,达坂城,158.97108440882562
等级4,深圳机场北,158.8923885248376
等级4,原平西,158.8461792970662
等级4,清水县,158.32777874700415
等级4,张家川,158.32777874700415
等级4,厚街,157.45957414808282
等级4,韩城,157.39970981617827
等级4,云梦东,157.06336030752445
等级4,蔡家沟,156.2830702217695
等级4,两家,155.60882709537725
等级4,大兴机场,155.38798714244456
等级4,信宜,155.2746487707087
等级4,雁石南,155.2669698588985
等级4,原林,155.1134707823078
等级4,河口南,154.78324187132074
等级4,平房,154.0671007183846
等级4,阿金,153.88351284790338
等级4,卫星,152.16758272770153
等级4,忻州西,151.8188647830264
等级4,松桃,151.80844960051832
等级4,潼关,151.78947684071804
等级4,迁安,151.67435830050744
等级4,灵丘,150.74377637885425
等级4,小河镇,150.692971556156
等级4,西华,150.45715793171976
等级4,密山西,149.35328820639475
等级4,沟口,147.96508998147692
等级4,丹徒,147.08932646982262
等级4,石头,146.65983313932554
等级4,民和南,146.58059338931488
等级4,成吉思汗,145.5593290439144
等级4,五通,145.20029379343464
等级4,香坊,144.92821034043018
等级4,岭北,144.12260516967848
等级4,郫县西,143.66172743322892
等级4,屏边,142.70972264373347
等级4,河口北,142.70972264373347
等级4,河津,142.5815551171127
等级4,新绛,142.5815551171127
等级4,安靖,142.10019422650362
等级4,银浪,141.58743378643214
等级4,武安,141.15941653933254
等级4,岭南,139.68670214017789
等级4,四道湾,139.03357005169192
等级4,澧县,138.91936532779224
等级4,涉县,138.87426206058944
等级4,新晃,138.63342894090445
等级4,团结,137.9504870344789
等级4,秦家,137.94344284365795
等级4,安德,137.41207229584916
等级4,和平,135.87165914909744
等级4,长临河,134.60669021803474
等级4,复盛,134.42519883559362
等级4,田林,134.27247510656093
等级4,哈达阳,133.96150298791463
等级4,黄口,133.85992699240933
等级4,风陵渡,133.1563414999921
等级4,遂平,133.0484455214831
等级4,李家,131.54127926685868
等级4,洋河,131.52803455777382
等级4,灵璧,131.52803455777382
等级4,泗县,131.52803455777382
等级4,海东西,131.31409554329687
等级4,西岭口,131.3012192017299
等级4,承德县北,131.1006881138498
等级4,独山,131.00515729023908
等级4,新高峰,130.4430052024504
等级4,六合镇,130.4430052024504
等级4,杨岗,130.09017621433924
等级4,顺昌,129.9356721175667
等级4,吉文,129.81332300740965
等级4,喀喇其,129.81332300740965
等级4,甘河,129.81332300740965
等级4,郫县,129.51209394787364
等级4,红光镇,129.05108878849012
等级4,杨村,128.7142164769662
等级4,吉舒,128.4416628637851
等级4,东至,128.3736903129362
等级4,修武西,127.7978457676378
等级4,西麻山,126.34450728910198
等级4,春亭阁,124.10218068738556
等级4,绿潭,123.67045848237323
等级4,武陟,121.36517245054272
等级4,朱日和,121.0178228512936
等级4,二连,121.0178228512936
等级4,克拉玛依,120.64891071199406
等级4,夏邑县,120.2245373122485
等级4,三间房,119.9521526120023
等级4,鹤山,119.025411284946
等级4,来凤,117.96630086402442
等级4,抚宁,117.91079704572236
等级4,神木,117.83886440889486
等级4,安多,117.7125629903968
等级4,喇嘛山,117.42011224106076
等级4,雅鲁,117.42011224106076
等级4,合肥北城,116.72926123504745
等级4,七台河,116.44811049327998
等级4,到保,116.43810640347785
等级4,石桥子,116.37177949842028
等级4,高头,115.86689818316265
等级4,承德东,115.71812561417444
等级4,歙县,115.4415574859261
等级4,阿尔山,115.23106861982532
等级4,新彦,114.80634435563192
等级4,扎罗木得,114.15039513479373
等级4,龙口市,112.13485678871612
等级4,蓬莱市,112.13485678871612
等级4,古城东,111.35949628339614
等级4,昌平北,110.91254557458852
等级4,抚远,110.59233829672854
等级4,换新天,110.40031246803817
等级4,黑水,109.91589437313569
等级4,茂林,109.91589437313569
等级4,怀柔,109.32854305174132
等级4,尚家,108.30764005764672
等级4,羊草,108.30764005764672
等级4,博尔塔拉,108.27863350676908
等级4,万乐,107.4750585938984
等级4,里木店,107.4750585938984
等级4,德兴东,107.31526299477758
等级4,开化,107.31526299477758
等级4,乔庄东,107.2727961539859
等级4,同江,106.42320581922678
等级4,凤凰城,106.11345832777351
等级4,拉林,105.9313203671164
等级4,黄河景区,105.5318843637929
等级4,白音察干,105.07808860887756
等级4,赛汗塔拉,105.07808860887756
等级4,榆树,104.74126592252912
等级4,大林,103.4532999817047
等级4,金宝屯,103.4532999817047
等级4,三阳,103.18544052590288
等级4,彭泽,102.62990721550048
等级4,孟家岗,102.40473082798836
等级4,新津,102.25867409930324
等级4,许家屯,100.2162562169662
等级4,威信,98.99478906310294
等级4,塔河,98.68470902167576
等级4,苍石,98.4639521400114
等级4,马三家,98.39466993435477
等级4,老边,97.99199026051107
等级4,章党,97.77947445626435
等级4,金山屯,97.55276121415608
等级4,美溪,97.55276121415608
等级4,东海,96.32522720361942
等级4,余江,96.0710440717436
等级4,东来,95.99443903990986
等级4,万发屯,95.3432085108801
等级4,万年,95.10803256243256
等级4,乌鲁布铁,95.06045466846972
等级4,大杨树东,95.06045466846972
等级4,裴德,94.98412272463582
等级4,北流,94.67362413026298
等级4,漠河,94.36368370479444
等级4,阿木尔,94.36368370479444
等级4,平坝南,94.28739753039784
等级4,下台子,94.08152598080072
等级4,新津南,93.9096267176328
等级4,怀柔北,92.76644037421828
等级4,畲江北,92.75911956805544
等级4,哈拉苏,91.97565453177567
等级4,石梯,91.97062853986894
等级4,泡子,91.86405953206702
等级4,随州南,91.60328981989892
等级4,泉阳,91.28463383954384
等级4,三十家,90.98120661257504
等级4,毛陈,90.76077185023507
等级4,顺义,90.68077553131091
等级4,罗城,89.70453743795753
等级4,四方台,89.52191351648398
等级4,绿博园,89.5216435930338
等级4,八仙筒,89.10393136365231
等级4,杏树,88.79852290854927
等级4,背荫河,88.59273703621452
等级4,黑台,88.3543434755933
等级4,柳林南,86.17195751878147
等级4,低庄,85.72947394790462
等级4,牛家,85.71688115326981
等级4,周家,85.71688115326981
等级4,稷山,85.67509505073986
等级4,哈拉海,85.4076743331105
等级4,孙家,84.767725407776
等级4,合阳北,84.48609345914838
等级4,松青,83.64286075096533
等级4,米沙子,83.55938174534407
等级4,塔城,83.51428485052084
等级4,柞水,83.07338632375036
等级4,桐梓北,82.9780757565992
等级4,汤旺河,82.48576164168847
等级4,五营,82.48576164168847
等级4,红星,82.48576164168847
等级4,红山,82.48576164168847
等级4,笔架山,82.29562020341925
等级4,小寺沟,82.27541948317173
等级4,干塘,82.25452372999358
等级4,八面通,81.80268344095
等级4,名山,80.97523410313728
等级4,松树镇,80.9637247748604
等级4,仙人桥,80.9637247748604
等级4,佛岭,80.82090238381744
等级4,嘉兴,80.46131165129061
等级4,虎尔虎拉,80.1150275531914
等级4,徘徊北,80.03030846841943
等级4,午汲,80.03030846841943
等级4,水洋,80.03030846841943
等级4,南峧,80.03030846841943
等级4,什里店,80.03030846841943
等级4,豆庄,80.03030846841943
等级4,新固镇,80.03030846841943
等级4,偏店,80.03030846841943
等级4,微子镇,80.03030846841943
等级4,康城,80.03030846841943
等级4,新林,79.7437315286647
等级4,白桦排,79.42379382165126
等级4,开阳,78.38240764454855
等级4,温江,78.27576196956832
等级4,亚河,78.25459727777513
等级4,青山,78.25459727777513
等级4,汇流河,78.24455150855842
等级4,襄阳东,77.7738009405746
等级4,凌海,77.63306933706315
等级4,南翔北,77.18641750109283
等级4,东胜东,77.12087111808563
等级4,克一河,76.90780670205193
等级4,步行街,75.28710615152737
等级4,界山,75.20580097428422
等级4,新青,75.20094072911986
等级4,友好,75.20094072911986
等级4,古城,75.18479037998932
等级4,富海,75.18479037998932
等级4,扎音河,75.06763235138288
等级4,朱砂古镇,74.33407712326867
等级4,滴道,73.59186408487959
等级4,五棵树,73.17007399539575
等级4,泥溪,73.07760876111135
等级4,温春,72.90488086665582
等级4,泾川,72.78967797890255
等级4,长庆桥,72.78967797890255
等级4,雁栖湖,72.58144231485312
等级4,霍林郭勒,71.92107496873518
等级4,观音机场,71.73445499788073
等级4,双鸭山,71.44183849341078
等级4,露水河,70.24133883645877
等级4,伊通,70.19045512309111
等级4,安家,69.466757739572
等级4,门源,69.0415047344809
等级4,兰岗,69.03227019889361
等级4,冯屯,68.83667084892778
等级4,阳曲西,68.5141059725812
等级4,福利区,68.4635821648088
等级4,涞源,67.90501079712385
等级4,太平镇,67.3878880635927
等级4,通海,67.30809963254012
等级4,达连河,67.25186435510317
等级4,开安,66.87031195982709
等级4,双吉,66.8655558509762
等级4,霍尔果斯,65.48698246177898
等级4,锦界,64.88892433319027
等级4,双阳,64.49787522577401
等级4,蒙山,64.44244589715969
等级4,蜀河,64.14117164457534
等级4,宜良北,63.92190767501705
等级4,杨林,63.7643703589989
等级4,山河屯,63.53187356419636
等级4,小榆树,63.24352594703024
等级4,梨树镇,63.08688756828241
等级4,珠斯花,63.06580626230674
等级4,三汇镇,62.6842067459321
等级4,五叉沟,62.42656799802226
等级4,南江,61.8651466876306
等级4,圣浪,60.719721403760985
等级4,四棵树,60.242421614014845
等级4,滦平,60.044121121427374
等级4,索伦,59.89544034743477
等级4,潘家店,59.51608019527001
等级4,西大庙,59.51608019527001
等级4,洞庙河,59.51608019527001
等级4,北马圈子,59.51608019527001
等级4,上板城南,59.51608019527001
等级4,新杖子,59.51608019527001
等级4,南湾子,59.51608019527001
等级4,纪家沟,59.36095793397391
等级4,朝阳湖,58.779656873066685
等级4,丰乐镇,58.41495921472844
等级4,商河,58.40324377686481
等级4,阳信,58.40324377686481
等级4,利津南,58.40324377686481
等级4,洪河,58.11274699226944
等级4,寒葱沟,58.11274699226944
等级4,前锋,58.11274699226944
等级4,小东,58.07429363268184
等级4,阿尔山北,57.94866682402581
等级4,伊敏,57.94866682402581
等级4,下花园,56.90925636947745
等级4,东岔,56.71419393834128
等级4,许昌北,56.33890067224982
等级4,大通西,55.78935966728265
等级4,鲁河,55.4121961252263
等级4,水洞,54.69428049077237
等级4,集安,54.66020672324183
等级4,柯柯,54.18684378991405
等级4,通州,54.01758240179391
等级4,豆罗,53.71003678287758
等级4,漫流河,53.61126894169078
等级4,东莞港,52.71505804100246
等级4,沙井西,52.71505804100246
等级4,望牛墩,52.71505804100246
等级4,大关,52.51581975877589
等级4,盐津,52.51581975877589
等级4,宜宾,52.51581975877589
等级4,水富,52.51581975877589
等级4,悬钟,52.432613945349125
等级4,闵集,52.02735650420468
等级4,峨眉,51.97145438401305
等级4,乃林,51.72724856701511
等级4,二龙,51.72724856701511
等级4,沙海,51.72724856701511
等级4,汐子,51.72724856701511
等级4,朝中,51.23871345930053
等级4,乌兰,51.09580133655573
等级4,天棚,51.09580133655573
等级4,凌源东,50.847011549980266
等级4,小新街,49.749651629084255
等级4,霍邱,49.62671126622943
等级4,石磷,49.22917996161834
等级4,柳毛,49.22917996161834
等级4,丰城东,48.75670368240319
等级4,娄山关南,48.39755173415129
等级4,北京北,48.38634761380188
等级4,弯道,48.03022733423487
等级4,光明,48.03022733423487
等级4,朝阳村,48.03022733423487
等级4,青水山,48.03022733423487
等级4,五林,47.85639544278072
等级4,洛湾三江,47.83004889455489
等级4,古北口,47.691137242567656
等级4,中和,47.03022733423487
等级4,宾西北,46.99995725301258
等级4,沃皮,46.69353901211496
等级4,布海,46.69353901211496
等级4,上板城,46.65345661090577
等级4,扎鲁特,46.38288488456995
等级4,奈林皋,45.822724985570375
等级4,黄冈西,45.49681465154801
等级4,果松,45.30836678899195
等级4,九台南,45.17092715496363
等级4,左岭,44.190491972852136
等级4,睢宁,44.14594800822742
等级4,黄柏,43.98661094900963
等级4,东通化,43.98661094900963
等级4,东镇,43.44039585712067
等级4,齐哈日格图,43.24967764760064
等级4,土牧尔台,43.24967764760064
等级4,斗沟子,43.16813535753468
等级4,马莲河,43.16813535753468
等级4,沙园,43.138826207158345
等级4,华家,42.93548326388413
等级4,靖西,42.888764655393416
等级4,北京大兴,42.80822183178969
等级4,榆树沟,42.70084020851237
等级4,上谷,42.70084020851237
等级4,甲山,42.70084020851237
等级4,铁厂,42.600316587889736
等级4,彭州南,42.48574431462998
等级4,互助,42.20312093340043
等级4,兴和北,42.17150378065472
等级4,平社,41.83789959431665
等级4,和静,41.56926133699103
等级4,太原东,41.40583798192304
等级4,阿勒泰,41.15660410391547
等级4,北屯市,41.15660410391547
等级4,虎山,40.6630065256188
等级4,无为南,40.659307177599445
等级4,花山南,40.44688761904895
等级4,双流西,40.364631479208285
等级4,双柳,40.3610025894569
等级4,平洋,40.25442355524644
等级4,杨树岭,40.13419506259479
等级4,桦林,39.9574537602915
等级4,建桥,39.88202004511314
等级4,宝坻,38.661383263379136
等级4,西哲里木,37.8591946933934
等级4,通天屯,37.55520617275426
等级4,绕阳河,37.49887427446836
等级4,高山子,37.49887427446836
等级4,鹤北,37.06386097282578
等级4,宝泉岭,37.06386097282578
等级4,东明县,36.89525053107898
等级4,获嘉,36.63735769695349
等级4,宁乡,35.87631649732214
等级4,高滩,35.5669746816762
等级4,织金,35.55640473735542
等级4,口前,35.538600296892
等级4,鹤立,35.094114999637455
等级4,南芬,35.07462076080351
等级4,江源,34.85412261314495
等级4,路口铺,34.84848439071507
等级4,费县北,34.78829311697681
等级4,泗水南,34.78829311697681
等级4,阳岔,34.57023249362217
等级4,平旺,34.55561074924017
等级4,香港红磡,34.47233993690055
等级4,天津北,34.05621307739105
等级4,兴凯,33.985177993834384
等级4,磨刀石,33.985177993834384
等级4,姚千户屯,33.07888848724953
等级4,阿巴嘎旗,32.85939135958655
等级4,大埔,32.78756737144105
等级4,和龙,32.29877455165555
等级4,龙井,32.29877455165555
等级4,汤池,32.16691986082923
等级4,大方,32.115615848597294
等级4,建湖,31.615431801461952
等级4,大民屯,31.520590135577
等级4,芨岭,31.374330435080505
等级4,玉石,31.374330435080505
等级4,平原堡,31.374330435080505
等级4,许三湾,31.374330435080505
等级4,大石寨,31.26706757336706
等级4,中宁东,31.10057071188465
等级4,仙林,30.884377749684973
等级4,深井子,30.626577291463853
等级4,蔡家崖,30.5806254273989
等级4,汾河,30.5806254273989
等级4,娄烦,30.5806254273989
等级4,镇城底,30.5806254273989
等级4,白文东,30.5806254273989
等级4,钟家村,30.199278588645715
等级4,福海,29.90358991445166
等级4,葛根庙,29.67783188375244
等级4,滨州,29.40271055628589
等级4,临邑,29.40271055628589
等级4,东营南,29.000533220578927
等级4,湟源,28.67286343663686
等级4,申家店,28.13996935252156
等级4,倭肯,28.13996935252156
等级5,温根托海,28.116684260446117
等级5,昆都仑召,27.864586186574147
等级5,白云鄂博,27.864586186574144
等级5,北舍,27.5976945230703
等级5,纳雍,27.48217085847493
等级5,大兴,27.015947870408525
等级5,丰城南,26.99659520667036
等级5,天门,26.803623289858013
等级5,阳泉,26.57830016531899
等级5,卓资山,26.44329095738213
等级5,孤山,26.44329095738213
等级5,公积坂,26.44329095738213
等级5,美岱召,26.44329095738213
等级5,福生庄,26.44329095738213
等级5,陶思浩,26.44329095738213
等级5,民族,26.44329095738213
等级5,红砂坝,26.44329095738213
等级5,八苏木,26.44329095738213
等级5,旗下营,26.44329095738213
等级5,三道营,26.44329095738213
等级5,十八台,26.44329095738213
等级5,苏集,26.44329095738213
等级5,姑家堡,26.44329095738213
等级5,马盖图,26.44329095738213
等级5,哈达,26.23289549989322
等级5,孙镇,26.198799848369724
等级5,黄陵,26.198799848369724
等级5,蒲城,26.198799848369724
等级5,二井,26.18172192237708
等级5,辰清,26.18172192237708
等级5,西岗子,26.18172192237708
等级5,饮马峡,25.90027471439708
等级5,麻山,25.894302179412637
等级5,青龙,25.894302179412637
等级5,奎山,25.894302179412637
等级5,杨木,25.894302179412637
等级5,莫尔道嘎,25.72881810311694
等级5,得耳布尔,25.72881810311694
等级5,西乌旗,25.53819008416524
等级5,白音华南,25.53819008416524
等级5,金林,25.00581795940731
等级5,满归,25.00581795940731
等级5,金河,25.00581795940731
等级5,哈业胡同,24.27119283029932
等级5,碱柜,24.27119283029932
等级5,头道桥,24.27119283029932
等级5,乌拉山,24.27119283029932
等级5,杭锦旗,24.27119283029932
等级5,西小召,24.27119283029932
等级5,公庙子,24.27119283029932
等级5,四分滩,24.27119283029932
等级5,白彦花,24.27119283029932
等级5,大武口,24.040029544160014
等级5,攀枝花,24.0369697684891
等级5,凭祥,23.89934951584937
等级5,宁明,23.89934951584937
等级5,扶绥,23.89934951584937
等级5,平台,23.639025712689488
等级5,统军庄,23.627607716687383
等级5,张辛,23.627607716687383
等级5,庙城,23.627607716687383
等级5,六道河子,23.627607716687383
等级5,前苇塘,23.627607716687383
等级5,平凉南,23.15714514434692
等级5,白狼,22.88500705594232
等级5,阿贵图,22.86729214869432
等级5,德日斯图,22.86729214869432
等级5,七苏木,22.86729214869432
等级5,夏拉哈马,22.86729214869432
等级5,郭尔奔敖包,22.86729214869432
等级5,锡林呼都嘎,22.86729214869432
等级5,大陆号,22.86729214869432
等级5,宝拉格,22.86729214869432
等级5,楚鲁图,22.86729214869432
等级5,西里,22.86729214869432
等级5,贲红,22.86729214869432
等级5,白银哈尔,22.86729214869432
等级5,查干特格,22.86729214869432
等级5,芦家村,22.86729214869432
等级5,临江,22.548961905429664
等级5,柳树,22.351820485036203
等级5,桥头,22.25141842113731
等级5,乳山,22.193238626949952
等级5,中宁南,22.157145144346917
等级5,石坝,22.157145144346917
等级5,艾家村,22.157145144346917
等级5,褚家湾,22.157145144346917
等级5,六盘山,22.157145144346917
等级5,三营,22.157145144346917
等级5,李旺,22.157145144346917
等级5,大战场,22.157145144346917
等级5,七营,22.157145144346917
等级5,新李,22.157145144346917
等级5,长农,22.157145144346917
等级5,三关口,22.157145144346917
等级5,韩府湾,22.157145144346917
等级5,宣和,22.157145144346917
等级5,彭阳,22.157145144346917
等级5,王团庄,22.157145144346917
等级5,二营,22.157145144346917
等级5,沈家河,22.157145144346917
等级5,黄羊滩,22.157145144346917
等级5,土桥子,22.157145144346917
等级5,张兰,21.995687422368967
等级5,神头,21.828960188501323
等级5,百宜,21.7240111299405
等级5,金银潭,21.54910591469181
等级5,高村,21.418949797158323
等级5,林海,20.99383904734633
等级5,劲松,20.99383904734633
等级5,小扬气,20.99383904734633
等级5,碧州,20.99383904734633
等级5,井陉,20.692196133868837
等级5,娘子关,20.692196133868837
等级5,柳树泉,20.66765502495272
等级5,唐海南,20.45461734320757
等级5,下社,20.418949797158326
等级5,大营,20.418949797158326
等级5,东淤地,20.418949797158326
等级5,长发屯,20.184576150855584
等级5,花湖,20.04151665173883
等级5,驼腰岭,19.923307854832217
等级5,额济纳,19.891578742030823
等级5,黄羊镇,19.71735057623696
等级5,西固城,19.71735057623696
等级5,坡底下,19.71735057623696
等级5,龙沟,19.71735057623696
等级5,打柴沟,19.71735057623696
等级5,库伦,19.68923426852548
等级5,白音胡硕,19.622744527256643
等级5,营街,19.52298959191873
等级5,羊尾哨,19.52298959191873
等级5,小哨,19.52298959191873
等级5,车转湾,19.52298959191873
等级5,松河,19.52298959191873
等级5,玉舍,19.52298959191873
等级5,花家庄,19.52298959191873
等级5,白沙坡,19.52298959191873
等级5,茅草坪,19.52298959191873
等级5,发耳,19.52298959191873
等级5,月亮田,19.52298959191873
等级5,吴官田,19.52298959191873
等级5,沙沱,19.52298959191873
等级5,都格,19.52298959191873
等级5,马龙,19.52298959191873
等级5,白鸡坡,19.52298959191873
等级5,三家寨,19.52298959191873
等级5,盘关,19.52298959191873
等级5,平关,19.52298959191873
等级5,雨格,19.52298959191873
等级5,平田,19.52298959191873
等级5,柏果,19.52298959191873
等级5,照福铺,19.52298959191873
等级5,渡市,19.110008138409444
等级5,宏克力,18.826974948265264
等级5,老营,18.67776089452177
等级5,道清,18.67776089452177
等级5,内江,18.66471535486421
等级5,迤那,18.584084621733645
等级5,金钟,18.584084621733645
等级5,关寨,18.584084621733645
等级5,仙水,18.584084621733645
等级5,滥坝,18.584084621733645
等级5,高峰,18.584084621733645
等级5,化处,18.584084621733645
等级5,昭通南,18.584084621733645
等级5,凉水井,18.584084621733645
等级5,李子沟,18.584084621733645
等级5,南陈铺,18.318678848476747
等级5,北板桥,18.318678848476747
等级5,西阳村,18.318678848476747
等级5,晋城北,18.318678848476747
等级5,西武匠,18.318678848476747
等级5,赵庄,18.318678848476747
等级5,大辛庄,18.318678848476747
等级5,东坡,18.318678848476747
等级5,后寨,18.318678848476747
等级5,长子,18.318678848476747
等级5,东元庆,18.318678848476747
等级5,秦家庄,18.01166120131962
等级5,岢岚,18.01166120131962
等级5,神池,18.01166120131962
等级5,下马塘,17.690736790121786
等级5,祁家堡,17.690736790121786
等级5,刘家河,17.690736790121786
等级5,陈相屯,17.690736790121786
等级5,达家沟,17.605400166120262
等级5,博白,17.553183033386418
等级5,武乡,17.477332614962673
等级5,新绰源,16.749401469773936
等级5,忠工屯,16.749401469773936
等级5,塔尔气,16.749401469773936
等级5,猛洞河,16.7249003216962
等级5,秦岭,16.381996363864143
等级5,朝天南,16.381996363864143
等级5,宏庆,16.381996363864143
等级5,天岗,16.22945811881178
等级5,大石头,16.22945811881178
等级5,黄松甸,16.22945811881178
等级5,白石山,16.22945811881178
等级5,黄泥河,16.22945811881178
等级5,南河川,16.134191416323173
等级5,洛门,16.134191416323173
等级5,三阳川,16.134191416323173
等级5,鸳鸯镇,16.134191416323173
等级5,新阳镇,16.134191416323173
等级5,渭南镇,16.134191416323173
等级5,羊马,16.13304298093999
等级5,宁东南,16.09959150027638
等级5,红寺堡,16.09959150027638
等级5,柳家庄,16.09959150027638
等级5,峻德,16.02477437197884
等级5,加劳,16.012990474137318
等级5,六个鸡,16.012990474137318
等级5,桐木寨,16.012990474137318
等级5,水花,16.012990474137318
等级5,羊坪,16.012990474137318
等级5,蕉溪,16.012990474137318
等级5,宝老山,16.012990474137318
等级5,砚川,15.60796178787073
等级5,华容东,15.585147110104558
等级5,栟茶,15.330549874974729
等级5,如东,15.330549874974729
等级5,中寨,15.158833481936924
等级5,秧草地,15.158833481936924
等级5,新坪田,15.158833481936924
等级5,茂舍祖,15.158833481936924
等级5,江所田,15.158833481936924
等级5,威箐,15.158833481936924
等级5,陆良,15.158833481936924
等级5,西街口,15.158833481936924
等级5,小雨谷,15.158833481936924
等级5,宜耐,15.158833481936924
等级5,长坡岭,15.158833481936924
等级5,施家嘴,15.158833481936924
等级5,瓦窑田,15.158833481936924
等级5,小得江,15.158833481936924
等级5,乐善村,15.158833481936924
等级5,革居,15.158833481936924
等级5,王家营西,15.158833481936924
等级5,七甸,15.158833481936924
等级5,上西铺,15.158833481936924
等级5,班猫箐,15.158833481936924
等级5,芦沟,15.158833481936924
等级5,羊者窝,15.158833481936924
等级5,岔江,15.158833481936924
等级5,韦庄,15.099639294322856
等级5,黄羊湾,15.000979211608271
等级5,兰溪,14.94807199717522
等级5,南峪,14.806092102418678
等级5,寿阳,14.806092102418678
等级5,岩会,14.806092102418678
等级5,井南,14.806092102418678
等级5,东营,14.701355278142945
等级5,陵城,14.701355278142945
等级5,博兴,14.701355278142945
等级5,德保,14.61306279787901
等级5,郁山,14.612986995711836
等级5,泔溪,14.612986995711836
等级5,中嘴,14.612986995711836
等级5,龙池,14.612986995711836
等级5,白涛,14.612986995711836
等级5,鱼泉,14.612986995711836
等级5,洛碛,14.612986995711836
等级5,治安,14.465332613785844
等级5,新窝铺,14.465332613785844
等级5,余粮堡,14.465332613785844
等级5,嘎什甸子,14.465332613785844
等级5,三义井,14.465332613785844
等级5,小河沿,14.465332613785844
等级5,土门子,14.439264787015928
等级5,园墩,14.439264787015928
等级5,沙坡头,14.439264787015928
等级5,黑冲滩,14.439264787015928
等级5,察尔汗,14.183005308598403
等级5,鸟岛,14.183005308598403
等级5,锡铁山,14.183005308598403
等级5,哈尔盖,14.183005308598403
等级5,刚察,14.183005308598403
等级5,曹妃甸港,14.098509682511672
等级5,翠岗,14.090023835623414
等级5,濮阳,14.066126075397218
等级5,龙桥,13.55310239253315
等级5,大杖子,13.501205210392053
等级5,当雄,13.100718814786337
等级5,夏官营,13.043560400946388
等级5,甘草店,13.043560400946388
等级5,通安驿,13.043560400946388
等级5,李家坪,13.043560400946388
等级5,大西,12.923717297690509
等级5,兰州东,12.864483562560237
等级5,丰水村,12.864483562560231
等级5,红砂岘,12.864483562560231
等级5,兴泉堡,12.864483562560231
等级5,红岘台,12.864483562560231
等级5,营盘水,12.864483562560231
等级5,水源,12.864483562560231
等级5,朱家窑,12.864483562560231
等级5,汉寿,12.800040169507374
等级5,黄瓜园,11.969178739910497
等级5,师庄,11.969178739910497
等级5,新江,11.969178739910497
等级5,黑井,11.969178739910497
等级5,阿南庄,11.969178739910497
等级5,迤资,11.969178739910497
等级5,大湾子,11.969178739910497
等级5,花棚子,11.969178739910497
等级5,甸心,11.969178739910497
等级5,红江,11.969178739910497
等级5,建安,11.685196685910682
等级5,谢家镇,11.646975473090484
等级5,新立镇,11.646975473090484
等级5,流水沟,11.597547350525623
等级5,五道河,11.597547350525623
等级5,官高,11.597547350525623
等级5,猴山,11.597547350525623
等级5,虎什哈,11.597547350525623
等级5,白旗,11.597547350525623
等级5,张百湾,11.597547350525623
等级5,金沟屯,11.597547350525623
等级5,梁底下,11.597547350525623
等级5,滦河沿,11.597547350525623
等级5,刀尔登,11.272432275320906
等级5,建昌,11.272432275320906
等级5,金杖子,11.272432275320906
等级5,柳树屯,11.272432275320906
等级5,西斗铺,11.224242892184863
等级5,明安,11.224242892184863
等级5,营盘湾,11.224242892184863
等级5,包头西,11.224242892184863
等级5,包头北,11.224242892184863
等级5,老羊壕,11.224242892184863
等级5,坝梁,11.224242892184863
等级5,高家村,11.224242892184863
等级5,瓦窑坝,11.224242892184863
等级5,重庆南,11.1668012268349
等级5,日喀则,10.990684938388938
等级5,鸭园,10.836746584037884
等级5,古交,10.193541809132968
等级5,岚县,10.193541809132965
等级5,大屯,9.70106532403517
等级5,陶家屯,9.70106532403517
等级5,大方南,9.172846167548602
等级5,源迁,9.14569517848265
等级5,蔺家楼,9.14569517848265
等级5,南博山,9.14569517848265
等级5,黑旺,9.14569517848265
等级5,司家岭,9.14569517848265
等级5,范镇,9.14569517848265
等级5,莱芜东,9.14569517848265
等级5,南仇,9.14569517848265
等级5,常庄,9.14569517848265
等级5,吐列毛杜,8.523690191176541
等级5,通化县,8.483416292038601
等级5,灌水,8.483416292038601
等级5,石城,8.483416292038601
等级5,千河,8.409702563744435
等级5,亚布力南,8.393894975071744
等级5,八里甸子,8.199738960630786
等级5,铁刹山,8.199738960630786
等级5,大阳,8.199738960630786
等级5,朱石寨,8.136478523377727
等级5,打羊,8.136478523377727
等级5,学庄,8.136478523377727
等级5,峰洞,8.136478523377727
等级5,平安,8.055157731819678
等级5,平罗,8.013343181386672
等级5,暖泉,8.013343181386672
等级5,大磴沟,8.013343181386672
等级5,白芨沟,8.013343181386672
等级5,汝箕沟,8.013343181386672
等级5,下仓,7.930206206684683
等级5,长武,7.925853190420922
等级5,曾家坪子,7.890956716138921
等级5,敬梓场,7.890956716138921
等级5,王场,7.890956716138921
等级5,邓家湾,7.890956716138921
等级5,昭通北,7.890956716138921
等级5,滩头,7.890956716138921
等级5,岔河,7.890956716138921
等级5,盐津北,7.890956716138921
等级5,小儿坪,7.890956716138921
等级5,一步滩,7.890956716138921
等级5,临江溪,7.890956716138921
等级5,宜宾南,7.890956716138921
等级5,豆沙关,7.890956716138921
等级5,孔滩,7.890956716138921
等级5,横江,7.890956716138921
等级5,苍坪,7.890956716138921
等级5,沙沙坡,7.890956716138921
等级5,小关溪,7.890956716138921
等级5,俞冲,7.890956716138921
等级5,彝良,7.890956716138921
等级5,田梁子,7.890956716138921
等级5,西来,7.86172707782398
等级5,绿化,7.809265612169312
等级5,塘豹,7.649692623711514
等级5,双河市,7.321188556739479
等级5,崇左,7.299783171949788
等级5,濑湍,7.299783171949788
等级5,双子河,7.284820912568604
等级5,桐梓,7.2839993042485265
等级5,三江,7.2839993042485265
等级5,太白,7.2839993042485265
等级5,娄山关,7.2839993042485265
等级5,夏坝,7.2839993042485265
等级5,蒙渡,7.2839993042485265
等级5,赶水,7.2839993042485265
等级5,綦江,7.2839993042485265
等级5,镇紫街,7.2839993042485265
等级5,松坝,7.2839993042485265
等级5,新场,7.2839993042485265
等级5,大河坝,7.2839993042485265
等级5,七龙星,7.2839993042485265
等级5,元田坝,7.2839993042485265
等级5,红花园,7.2839993042485265
等级5,木竹河,7.2839993042485265
等级5,云居寺,7.098642843759418
等级5,三合庄,7.098642843759418
等级5,塔崖驿,7.098642843759418
等级5,大涧,7.098642843759418
等级5,紫荆关,7.098642843759418
等级5,艾河,7.098642843759418
等级5,大灰厂,7.098642843759418
等级5,浮图峪,7.098642843759418
等级5,十渡,7.098642843759418
等级5,燕山,7.098642843759418
等级5,孤山口,7.098642843759418
等级5,百里峡,7.098642843759418
等级5,小西庄,7.098642843759418
等级5,云彩岭,7.098642843759418
等级5,奇峰塔,7.098642843759418
等级5,南城司,7.098642843759418
等级5,平峪,7.098642843759418
等级5,王安镇,7.098642843759418
等级5,北屯,7.098642843759418
等级5,大盘石,7.098642843759418
等级5,野三坡,7.098642843759418
等级5,南观村,7.098642843759418
等级5,板城,7.098642843759418
等级5,良各庄,7.098642843759418
等级5,塔尔根,6.903815211722922
等级5,塔源,6.903815211722922
等级5,古源,6.903815211722922
等级5,新天,6.903815211722922
等级5,兰陵北,6.773080375655535
等级5,杜拉尔,6.579251212010101
等级5,巴日图,6.579251212010101
等级5,罕达盖,6.579251212010101
等级5,道劳杜,6.579251212010101
等级5,伊敏索木,6.579251212010101
等级5,德仁,6.579251212010101
等级5,辉河,6.579251212010101
等级5,曹妃甸东,6.356107660695892
等级5,偏岭,6.12029741895095
等级5,安塘,6.00388706710654
等级5,五寨,6.00388706710654
等级5,大青沟,5.429345628954441
等级5,长汀镇,4.804021044733257
等级5,敖头,4.804021044733257
等级5,拉古,4.804021044733257
等级5,锦和,4.529429087511423
等级5,梅江,4.529429087511423
等级5,寒岭,4.174387269895637
等级5,朱杨溪,3.882801922586372
等级5,安富镇,3.882801922586372
等级5,大足,3.882801922586372
等级5,金刚沱,3.882801922586372
等级5,油溪,3.882801922586372
等级5,临江场,3.882801922586372
等级5,广顺场,3.882801922586372
等级5,古家沱,3.882801922586372
等级5,荣昌,3.882801922586372
等级5,永川,3.882801922586372
等级5,黄磏,3.882801922586372
等级5,迎祥街,3.882801922586372
等级5,李市镇,3.882801922586372
等级5,峰高铺,3.882801922586372
等级5,江津,3.882801922586372
等级5,长河碥,3.882801922586372
等级5,柏林,3.882801922586372
等级5,白沙,3.882801922586372
等级5,茨坝,3.882801922586372
等级5,双石桥,3.882801922586372
等级5,平等,3.882801922586372
等级5,隆昌,3.882801922586372
等级5,三原,3.784189633918261
等级5,上仓,3.3820266346738816
等级5,大口屯,3.3820266346738816
等级5,曹子里,3.3820266346738816
等级5,兑镇,3.258096538021482
等级5,孝西,3.258096538021482
等级5,阳泉曲,3.258096538021482
等级5,镜铁山,2.58351893845611
等级5,白银市,1.8903717578961643
等级5,东湾,1.8903717578961643
等级5,靖远西,1.8903717578961643
等级5,长征,1.8903717578961643
等级5,蒲坝,0.0986122886681097
等级5,冕宁,0.0986122886681097
等级5,枣子林,0.0986122886681097
等级5,上普雄,0.0986122886681097
等级5,铁口,0.0986122886681097
等级5,攀枝花南,0.0986122886681097
等级5,普雄,0.0986122886681097
等级5,冕山,0.0986122886681097
等级5,西昌南,0.0986122886681097
等级5,乐跃,0.0986122886681097
等级5,沙马拉达,0.0986122886681097
等级5,德昌,0.0986122886681097
等级5,尼波,0.0986122886681097
等级5,月华,0.0986122886681097
等级5,米易,0.0986122886681097
等级5,永郎,0.0986122886681097
等级5,新凉,0.0986122886681097
等级5,红峰,0.0986122886681097
等级5,瓦祖,0.0986122886681097
等级5,西昌,0.0986122886681097
等级5,联合乡,0.0986122886681097
等级5,喜德,0.0986122886681097
等级5,乐武,0.0986122886681097
等级5,林家台,-1.0
等级5,泉州东,-1.0
等级5,腰栈,-1.0
等级5,桥湾,-1.0
等级5,漫水湾,-1.0
等级5,苇子沟,-1.0
等级5,牛心台,-1.0
等级5,甘泉,-1.0
等级5,前窑,-1.0
等级5,魏杖子,-1.0
等级5,九营,-1.0
等级5,左家,-1.0
等级5,超梁沟,-1.0
等级5,大雅河,-1.0
等级5,高谷,-1.0
等级5,四家子,-1.0
等级5,海龙,-1.0
等级5,营北,-1.0
等级5,宜春西,-1.0
等级5,佳木斯西,-1.0
等级5,元谋,-1.0
等级5,崇信,-1.0
等级5,柳毛沟,-1.0
等级5,大口钦,-1.0
等级5,周水子,-1.0
等级5,小月旧,-1.0
等级5,女儿河,-1.0
等级5,龙华,-1.0
等级5,宁村,-1.0
等级5,柳沟,-1.0
等级5,太阳沟,-1.0
等级5,氡泉,-1.0
等级5,西六方,-1.0
等级5,哈尔巴岭,-1.0
等级5,影壁山,-1.0
等级5,马皇,-1.0
等级5,张三营,-1.0
等级5,靖宇,-1.0
等级5,合阳,-1.0
等级5,康庄,-1.0
等级5,千阳,-1.0
等级5,南口前,-1.0
等级5,大荔北,-1.0
等级5,郭磊庄,-1.0
等级5,东戴河,-1.0
等级5,世博园,-1.0
等级5,眉山,-1.0
等级5,甲猫,-1.0
等级5,盐城北,-1.0
等级5,松岭,-1.0
等级5,章古台,-1.0
等级5,广州西,-1.0
等级5,艾不盖,-1.0
等级5,峨边,-1.0
等级5,泗洪,-1.0
等级5,离堆公园,-1.0
等级5,核桃园,-1.0
等级5,鱼儿沟,-1.0
等级5,北台,-1.0
等级5,海湾,-1.0
等级5,钱家店,-1.0
等级5,高桥镇,-1.0
等级5,茨冲,-1.0
等级5,保家楼,-1.0
等级5,卧里屯,-1.0
等级5,龙爪沟,-1.0
等级5,焦作东,-1.0
等级5,励家,-1.0
等级5,九郎山,-1.0
等级5,明港,-1.0
等级5,索图罕,-1.0
等级5,北票南,-1.0
等级5,上园,-1.0
等级5,孔垄,-1.0
等级5,汉源,-1.0
等级5,尼木,-1.0
等级5,石湖,-1.0
等级5,盘山,-1.0
等级5,大巴,-1.0
等级5,宜昌,-1.0
等级5,华容,-1.0
等级5,那罗,-1.0
等级5,磁县,-1.0
等级5,白水县,-1.0
等级5,鹿寨,-1.0
等级5,尼勒克,-1.0
等级5,新松浦,-1.0
等级5,马桥河,-1.0
等级5,楚雄南,-1.0
等级5,永安,-1.0
等级5,桥北,-1.0
等级5,滨江,-1.0
等级5,城阳,-1.0
等级5,简阳,-1.0
等级5,合肥西,-1.0
等级5,民福寺,-1.0
等级5,三元区,-1.0
等级5,山湾子,-1.0
等级5,鄂州东,-1.0
等级5,狼尾山,-1.0
等级5,公营子,-1.0
等级5,宽甸,-1.0
等级5,小山,-1.0
等级5,东富,-1.0
等级5,乾县,-1.0
等级5,沈阳东,-1.0
等级5,东南营子,-1.0
等级5,沙河口,-1.0
等级5,瓦拉干,-1.0
等级5,伊尔施,-1.0
等级5,王兆屯,-1.0
等级5,望江,-1.0
等级5,独立屯,-1.0
等级5,王家湾,-1.0
等级5,乌西,-1.0
等级5,建设,-1.0
等级5,红花沟,-1.0
等级5,燕岗,-1.0
等级5,尹地,-1.0
等级5,燕家庄,-1.0
等级5,松树林,-1.0
等级5,田家沟,-1.0
等级5,长汀,-1.0
等级5,官厅西,-1.0
等级5,白壁关,-1.0
等级5,富县,-1.0
等级5,前卫,-1.0
等级5,北岗,-1.0
等级5,汝阳,-1.0
等级5,赤峰东,-1.0
等级5,三十里堡,-1.0
等级5,自贡,-1.0
等级5,资阳,-1.0
等级5,黄花筒,-1.0
等级5,大扬气,-1.0
等级5,大山铺,-1.0
等级5,广宁寺,-1.0
等级5,南阳东,-1.0
等级5,东津,-1.0
等级5,安溪,-1.0
等级5,五道沟,-1.0
等级5,沈阳西,-1.0
等级5,庆阳山,-1.0
等级5,罗江,-1.0
等级5,盘古,-1.0
等级5,陈官营,-1.0
等级5,广汉,-1.0
等级5,黄石东,-1.0
等级5,桐子林,-1.0
等级5,新乐,-1.0
等级5,东沟门,-1.0
等级5,洛阳东,-1.0
等级5,长城,-1.0
等级5,毛坝,-1.0
等级5,龙塘坝,-1.0
等级5,莱西北,-1.0
等级5,小池口,-1.0
等级5,临西,-1.0
等级5,羊堡,-1.0
等级5,近海,-1.0
等级5,柳江,-1.0
等级5,和什托洛盖,-1.0
等级5,串子沟,-1.0
等级5,杨树湾,-1.0
等级5,王杨,-1.0
等级5,七里河,-1.0
等级5,菇园,-1.0
等级5,田师府,-1.0
等级5,上腰墩,-1.0
等级5,羊臼河,-1.0
等级5,任家店,-1.0
等级5,亮甲店,-1.0
等级5,贵定南,-1.0
等级5,南洼,-1.0
等级5,渠黎,-1.0
等级5,高楼房,-1.0
等级5,三道湖,-1.0
等级5,沙后所,-1.0
等级5,东大坝,-1.0
等级5,西八里,-1.0
等级5,韶山,-1.0
等级5,清华园,-1.0
等级5,吴家川,-1.0
等级5,通沟,-1.0
等级5,雁翅,-1.0
等级5,花土坡,-1.0
等级5,松树台,-1.0
等级5,热水,-1.0
等级5,范家屯,-1.0
等级5,本溪湖,-1.0
等级5,中台子,-1.0
等级5,旺苍,-1.0
等级5,漳州东,-1.0
等级5,六合,-1.0
等级5,大成,-1.0
等级5,河间西,-1.0
等级5,兴莲,-1.0
等级5,神木南,-1.0
等级5,棕溪,-1.0
等级5,清河门,-1.0
等级5,巨宝,-1.0
等级5,水地,-1.0
等级5,岳家井,-1.0
等级5,四马架,-1.0
等级5,乌审旗,-1.0
等级5,石岭,-1.0
等级5,石景山南,-1.0
等级5,新保安,-1.0
等级5,沁阳,-1.0
等级5,嘉峰,-1.0
等级5,清徐,-1.0
等级5,江边村,-1.0
等级5,敖力布告,-1.0
等级5,大同南,-1.0
等级5,松树,-1.0
等级5,杜家,-1.0
等级5,漳平,-1.0
等级5,法启,-1.0
等级5,天桥沟,-1.0
等级5,青沟子,-1.0
等级5,上万,-1.0
等级5,杨家营,-1.0
等级5,邵家堂,-1.0
等级5,边沟,-1.0
等级5,新开,-1.0
等级5,八达岭,-1.0
等级5,春阳,-1.0
等级5,官字井,-1.0
等级5,泽润里,-1.0
等级5,庙宫,-1.0
等级5,长寿,-1.0
等级5,鹿道,-1.0
等级5,太原北,-1.0
等级5,一间堡,-1.0
等级5,岫岩,-1.0
等级5,枣林,-1.0
等级5,牛庄,-1.0
等级5,越西,-1.0
等级5,许家台,-1.0
等级5,歪头山,-1.0
等级5,汤头沟,-1.0
等级5,泥河子,-1.0
等级5,沙县,-1.0
等级5,北宅,-1.0
等级5,干溪沟,-1.0
等级5,大徐屯,-1.0
等级5,古东,-1.0
等级5,沐滂,-1.0
等级5,石林南,-1.0
等级5,皮口南,-1.0
等级5,湾沟,-1.0
等级5,平型关,-1.0
等级5,文安,-1.0
等级5,精河,-1.0
等级5,东升,-1.0
等级5,安龙,-1.0
等级5,三把火,-1.0
等级5,仁布,-1.0
等级5,南台,-1.0
等级5,中兴,-1.0
等级5,永甸,-1.0
等级5,安庆西,-1.0
等级5,河洛营,-1.0
等级5,闹海营,-1.0
等级5,东胜,-1.0
等级5,闽清,-1.0
等级5,宣家沟,-1.0
等级5,吴圩,-1.0
等级5,康熙岭,-1.0
等级5,小宋,-1.0
等级5,水泉,-1.0
等级5,礼泉,-1.0
等级5,敖来,-1.0
等级5,花楼坝,-1.0
等级5,通远堡,-1.0
等级5,天河街,-1.0
等级5,沙河,-1.0
等级5,茶卡,-1.0
等级5,碧鸡关,-1.0
等级5,望都,-1.0
等级5,南宫东,-1.0
等级5,东辛庄,-1.0
等级5,昆阳,-1.0
等级5,韩麻营,-1.0
等级5,小姑家,-1.0
等级5,定襄,-1.0
等级5,桥西,-1.0
等级5,光泽,-1.0
等级5,平庄,-1.0
等级5,元龙,-1.0
等级5,巴中东,-1.0
等级5,太平庄,-1.0
等级5,风水沟,-1.0
等级5,曹家营子,-1.0
等级5,华城,-1.0
等级5,淮安南,-1.0
等级5,古田,-1.0
等级5,资中,-1.0
等级5,上杭,-1.0
等级5,来舟,-1.0
等级5,茄子溪,-1.0
等级5,首山,-1.0
等级5,曾口,-1.0
等级5,黄土店,-1.0
等级5,鲁番,-1.0
等级5,东兴,-1.0
等级5,仪征,-1.0
等级5,旗下营南,-1.0
等级5,北碚,-1.0
等级5,惠州西,-1.0
等级5,龙里,-1.0
等级5,半截河,-1.0
等级5,老府,-1.0
等级5,弋江,-1.0
等级5,李石寨,-1.0
等级5,凤州,-1.0
等级5,弓棚子,-1.0
等级5,乐都南,-1.0
等级5,兰岭,-1.0
等级5,堡子湾,-1.0
等级5,石峡子,-1.0
等级5,卡伦,-1.0
等级5,柴岗,-1.0
等级5,沙岭,-1.0
等级5,崇仁,-1.0
等级5,阳城,-1.0
等级5,葡萄菁,-1.0
等级5,临川,-1.0
等级5,毛坝关,-1.0
等级5,十家子,-1.0
等级5,河边,-1.0
等级5,大坝,-1.0
等级5,东庄,-1.0
等级5,麻柳,-1.0
等级5,庙岭,-1.0
等级5,大营子,-1.0
等级5,读书铺,-1.0
等级5,长冲,-1.0
等级5,赵城,-1.0
等级5,疏勒,-1.0
等级5,东戌,-1.0
等级5,赫尔洪得,-1.0
等级5,汇塘河,-1.0
等级5,长阳,-1.0
等级5,西贺村,-1.0
等级5,官厅,-1.0
等级5,前磨头,-1.0
等级5,弥渡,-1.0
等级5,那铺,-1.0
等级5,刘家店,-1.0
等级5,大元,-1.0
等级5,八角台,-1.0
等级5,曲水县,-1.0
等级5,南桥,-1.0
等级5,木头营子,-1.0
等级5,古莲,-1.0
等级5,前山,-1.0
等级5,抚松,-1.0
等级5,程家,-1.0
等级5,八步,-1.0
等级5,南张村,-1.0
等级5,加南,-1.0
等级5,尔赛河,-1.0
等级5,兴和西,-1.0
等级5,新寒岭,-1.0
等级5,升昌,-1.0
等级5,烟台西,-1.0
等级5,蔡山,-1.0
等级5,贵安,-1.0
等级5,平安镇,-1.0
等级5,杨家店,-1.0
等级5,长垣,-1.0
等级5,砬子河,-1.0
等级5,荒沟西,-1.0
等级5,大禾塘,-1.0
等级5,汪清,-1.0
等级5,阿拉山口,-1.0
等级5,火连寨,-1.0
等级5,铜罐驿,-1.0
等级5,扎赉诺尔,-1.0
等级5,通途,-1.0
等级5,长春南,-1.0
等级5,大平房,-1.0
等级5,得莫利,-1.0
等级5,塔石嘴,-1.0
等级5,舍力虎,-1.0
等级5,枕头峰,-1.0
等级5,杭锦后旗,-1.0
等级5,武夷山东,-1.0
等级5,大其拉哈,-1.0
等级5,老爷岭,-1.0
等级5,龙骨甸,-1.0
等级5,花博山,-1.0
等级5,芦家庄,-1.0
等级5,三水,-1.0
等级5,图们,-1.0
等级5,大苴,-1.0
等级5,桃映,-1.0
等级5,七泉湖,-1.0
等级5,平顶山西,-1.0
等级5,新贤城,-1.0
等级5,羊圈子,-1.0
等级5,孤山子,-1.0
等级5,藁城,-1.0
等级5,巴山,-1.0
等级5,花桥,-1.0
等级5,高各庄,-1.0
等级5,燕子砭,-1.0
等级5,阎良,-1.0
等级5,石山,-1.0
等级5,达布逊,-1.0
等级5,彭山,-1.0
等级5,兴安,-1.0
等级5,中华门,-1.0
等级5,呼鲁斯太,-1.0
等级5,卢龙,-1.0
等级5,平庄南,-1.0
等级5,石场,-1.0
等级5,石岘,-1.0
等级5,杨杖子,-1.0
等级5,大东,-1.0
等级5,能家,-1.0
等级5,北磴,-1.0
等级5,十里坪,-1.0
等级5,落坡岭,-1.0
等级5,海晏,-1.0
等级5,平岗,-1.0
等级5,昂乃,-1.0
等级5,田东,-1.0
等级5,甘洛,-1.0
等级5,孔家沟,-1.0
等级5,瓢儿屯,-1.0
等级5,庙庄,-1.0
等级5,德伯斯,-1.0
等级5,沙坨子,-1.0
等级5,牛家营子,-1.0
等级5,二密河,-1.0
等级5,迎宾路,-1.0
等级5,石脑,-1.0
等级5,周家屯,-1.0
等级5,咋子,-1.0
等级5,棋盘,-1.0
等级5,营城子,-1.0
等级5,贾鲁河,-1.0
等级5,招柏,-1.0
等级5,长岭子,-1.0
等级5,昆明西,-1.0
等级5,芦溪,-1.0
等级5,昭化,-1.0
等级5,卫东,-1.0
等级5,钟山,-1.0
等级5,高花,-1.0
等级5,板石河,-1.0
等级5,澄城,-1.0
等级5,中牟,-1.0
等级5,亚复,-1.0
等级5,二龙屯,-1.0
等级5,长甸,-1.0
等级5,资溪,-1.0
等级5,宁家,-1.0
等级5,大堡,-1.0
等级5,苏尼特左旗,-1.0
等级5,三井子,-1.0
等级5,草市,-1.0
等级5,孟庄,-1.0
等级5,内江南,-1.0
等级5,延庆,-1.0
等级5,亭亮,-1.0
等级5,盘龙城,-1.0
等级5,翠峰,-1.0
等级5,雷州,-1.0
等级5,茅岭,-1.0
等级5,永寿,-1.0
等级5,布列开,-1.0
等级5,豆张庄,-1.0
等级5,攸县,-1.0
等级5,兰家屯,-1.0
等级5,南口,-1.0
等级5,渠旧,-1.0
等级5,厦门高崎,-1.0
等级5,新兴县,-1.0
等级5,落垡,-1.0
等级5,八虎力,-1.0
等级5,南平北,-1.0
等级5,干沟,-1.0
等级5,聂河,-1.0
等级5,窑上,-1.0
等级5,棠海,-1.0
等级5,张台子,-1.0
等级5,南木,-1.0
等级5,绣峰,-1.0
等级5,磁西,-1.0
等级5,宝华山,-1.0
等级5,图强,-1.0
等级5,一面山,-1.0
等级5,南大庙,-1.0
等级5,渭南南,-1.0
等级5,五龙背,-1.0
等级5,鸽子洞,-1.0
等级5,坂田,-1.0
等级5,茶条沟,-1.0
等级5,小董,-1.0
等级5,赤峰,-1.0
等级5,碱厂,-1.0
等级5,嘎什吐,-1.0
等级5,魏善庄,-1.0
等级5,运粮河,-1.0
等级5,苔青,-1.0
等级5,王瞳,-1.0
等级5,昌平,-1.0
等级5,旧庄窝,-1.0
等级5,姚安,-1.0
等级5,丰广,-1.0
等级5,新香坊北,-1.0
等级5,三家子,-1.0
等级5,黄家店,-1.0
等级5,归流河,-1.0
等级5,镇西,-1.0
等级5,沙桥,-1.0
等级5,南汤,-1.0
等级5,达拉特旗,-1.0
等级5,东营子,-1.0
等级5,青溪,-1.0
等级5,吴家屯,-1.0
等级5,曲家店,-1.0
等级5,海坨子,-1.0
等级5,庆丰,-1.0
等级5,银镇,-1.0
等级5,麦园,-1.0
等级5,锦河,-1.0
等级5,铁佛寺,-1.0
等级5,渭津,-1.0
等级5,大拟,-1.0
等级5,金坑,-1.0
等级5,南平南,-1.0
等级5,普定,-1.0
等级5,坪上,-1.0
等级5,修武,-1.0
等级5,汉沽,-1.0
等级5,舍伯吐,-1.0
等级5,新帐房,-1.0
等级5,衡南,-1.0
等级5,靖远,-1.0
等级5,桑园子,-1.0
等级5,孤家子,-1.0
等级5,大官屯,-1.0
等级5,连湖,-1.0
等级5,固安,-1.0
等级5,创业村,-1.0
等级5,壮志,-1.0
等级5,白音他拉,-1.0
等级5,魏家泉,-1.0
等级5,泉水,-1.0
等级5,乌海北,-1.0
等级5,桓龙湖,-1.0
等级5,白泉,-1.0
等级5,台安南,-1.0
等级5,长虹,-1.0
等级5,松原北,-1.0
等级5,桃园,-1.0
等级5,马林,-1.0
等级5,裕国,-1.0
等级5,郭家屯,-1.0
等级5,桦皮厂,-1.0
等级5,芦潮港,-1.0
等级5,新安,-1.0
等级5,佟家,-1.0
等级5,永乐店,-1.0
等级5,双凤驿,-1.0
等级5,土们岭,-1.0
等级5,珠窝,-1.0
等级5,姚家,-1.0
等级5,忙罕屯,-1.0
等级5,浑河,-1.0
等级5,伊林,-1.0
等级5,门达,-1.0
等级5,庙阳,-1.0
等级5,高林屯,-1.0
等级5,贺家店,-1.0
等级5,姜家,-1.0
等级5,黄泥崴子,-1.0
等级5,阿乌尼,-1.0
等级5,桓台,-1.0
等级5,广元南,-1.0
等级5,丹东西,-1.0
等级5,上安,-1.0
等级5,西阳岔,-1.0
等级5,南曹,-1.0
等级5,星朗,-1.0
等级5,旅顺,-1.0
等级5,伊宁东,-1.0
等级5,骆驼巷,-1.0
等级5,长潭沟,-1.0
等级5,竹园坝,-1.0
等级5,大王滩,-1.0
等级5,林盛堡,-1.0
等级5,凤阳,-1.0
等级5,崔黄口,-1.0
等级5,喇嘛甸,-1.0
等级5,江密峰,-1.0
等级5,拉鲊,-1.0
等级5,小村,-1.0
等级5,皇姑屯,-1.0
等级5,威虎岭北,-1.0
等级5,百浪,-1.0
等级5,哈日努拉,-1.0
等级5,夹心子,-1.0
等级5,金银川,-1.0
等级5,福临堡,-1.0
等级5,林子头,-1.0
等级5,雅河,-1.0
等级5,夏石,-1.0
等级5,莱芜西,-1.0
等级5,老岭,-1.0
等级5,红寺堡北,-1.0
等级5,五十家子,-1.0
等级5,中卫南,-1.0
等级5,河东机场,-1.0
等级5,厉家寨,-1.0
等级5,吴忠,-1.0
等级5,天桥,-1.0
等级5,宣化北,-1.0
等级5,郏县,-1.0
等级5,大治北,-1.0
等级5,邓州东,-1.0
等级5,碑木镇,-1.0
等级5,华容南,-1.0
等级5,八达岭长城,-1.0
等级5,宁波东,-1.0
等级5,太子城,-1.0
等级5,清镇西,-1.0
等级5,三堂集,-1.0
等级5,蒙自北,-1.0
等级5,钦州,-1.0
等级5,抚顺,-1.0
等级5,铁厂沟,-1.0
等级5,后湖,-1.0
等级5,玉溪西,-1.0
等级5,乐山北,-1.0
等级5,大连西,-1.0
等级5,石人,-1.0
等级5,祥云西,-1.0
等级5,随县,-1.0
等级5,春湾,-1.0
等级5,丹江口,-1.0
等级5,玛纳斯湖,-1.0
等级5,欧里,-1.0
等级5,向阳川,-1.0
等级5,遵义西,-1.0
等级5,六道河,-1.0
等级5,方城,-1.0
等级5,抚州北,-1.0
等级5,芦庙,-1.0
等级5,赣县北,-1.0
等级5,东花园北,-1.0
等级5,沙岭子,-1.0
等级5,白马,-1.0
等级5,万安县,-1.0
等级5,安陆西,-1.0
等级5,织金北,-1.0
等级5,祁阳北,-1.0
等级5,阜宁南,-1.0
等级5,长葛北,-1.0
等级5,灵武北,-1.0
等级5,徐家,-1.0
等级5,四合,-1.0
等级5,商丘东,-1.0
等级5,石桥,-1.0
等级5,北营,-1.0
等级5,瓦房,-1.0
等级5,下花园北,-1.0
等级5,石门县,-1.0
等级5,海安县,-1.0
等级5,叆河,-1.0
等级5,牛车河,-1.0
等级5,白云北,-1.0
等级5,松江镇,-1.0
等级5,十堰东,-1.0
等级5,禹州,-1.0
