train_no,origin_station,destination_station,station_train_code
24000000D121,北京,沈阳南,D1
12000000D20K,沈阳南,北京,D2
24000000D325,北京,沈阳南,D3
12000000D400,沈阳南,北京,D4
12000000D60J,沈阳北,北京,D6
24000000D711,北京,沈阳北,D7
24000000D900,北京,沈阳南,D9
1200000D100I,沈阳南,北京,D10
2400000D1120,北京,沈阳南,D11
1200000D1220,沈阳南,北京,D12
2400000D1336,北京,沈阳北,D13
1200000D140C,沈阳北,北京,D14
2400000D170I,北京,沈阳南,D17
1200000D180B,沈阳南,北京,D18
2400000D190S,北京,长春,D19
1100000D200B,长春,北京,D20
2400000D211A,北京,珲春,D21
1c00000D2206,珲春,北京,D22
2400000D2322,北京,长春西,D23
1g00000D2406,长春西,北京,D24
2400000D2531,北京,佳木斯,D25
0200000D2601,佳木斯,北京,D26
2400000D2713,北京,哈尔滨西,D27
0h00000D280L,哈尔滨西,北京,D28
2400000D291A,北京,齐齐哈尔南,D29
0400000D3009,齐齐哈尔南,北京,D30
1g00000D3100,大连北,北京,D31
2400000D3320,北京,大连北,D32
2400000D3320,北京,大连北,D33
1g00000D3100,大连北,北京,D34
1g00000D350A,大连北,北京,D35
2400000D370K,北京,大连北,D36
2400000D370K,北京,大连北,D37
1g00000D350A,大连北,北京,D38
1g00000D3909,大连北,北京,D39
2400000D410O,北京,大连北,D40
2400000D410O,北京,大连北,D41
1g00000D3909,大连北,北京,D42
1g00000D430E,大连北,北京,D43
2400000D450I,北京,大连北,D44
2400000D450I,北京,大连北,D45
1g00000D430E,大连北,北京,D46
2400000D4903,北京,通辽,D48
2400000D4903,北京,通辽,D49
1600000D5001,通辽,北京,D50
2400000D5121,北京,沈阳北,D51
1200000D520C,沈阳北,北京,D52
8500000D5502,兰州,乌鲁木齐,D55
9300000D5606,乌鲁木齐,兰州,D56
2400000D730O,北京,吉林,D73
1800000D740E,吉林,北京,D74
240000D10119,北京,哈尔滨西,D101
0h0000D1020L,哈尔滨西,北京,D102
1c0000D1140C,珲春,齐齐哈尔南,D111
040000D1120G,齐齐哈尔南,珲春,D112
040000D1120G,齐齐哈尔南,珲春,D113
1c0000D1140C,珲春,齐齐哈尔南,D114
1c0000D11803,延吉西,哈尔滨西,D115
0h0000D11605,哈尔滨西,延吉西,D116
0h0000D11605,哈尔滨西,延吉西,D117
1c0000D11803,延吉西,哈尔滨西,D118
1g0000D11902,长春西,牡丹江,D119
030000D12002,牡丹江,长春,D120
110000D12102,长春,佳木斯,D121
020000D12200,佳木斯,长春西,D122
180000D12601,吉林,哈尔滨西,D123
0h0000D12400,哈尔滨西,吉林,D124
0h0000D12400,哈尔滨西,吉林,D125
180000D12601,吉林,哈尔滨西,D126
180000D13002,吉林,齐齐哈尔南,D127
040000D12801,齐齐哈尔南,吉林,D128
040000D12801,齐齐哈尔南,吉林,D129
180000D13002,吉林,齐齐哈尔南,D130
180000D13410,吉林,佳木斯,D131
0h0000D13200,哈尔滨西,吉林,D132
0h0000D13200,哈尔滨西,吉林,D133
180000D13410,吉林,佳木斯,D134
180000D13802,吉林,牡丹江,D135
030000D13601,牡丹江,吉林,D136
030000D13601,牡丹江,吉林,D137
180000D13802,吉林,牡丹江,D138
710000D20102,南宁东,广州南,D201
6c0000D20206,广州南,南宁东,D202
710000D20303,南宁东,广州南,D203
6c0000D20406,广州南,南宁东,D204
710000D20503,南宁东,广州南,D205
6c0000D20604,广州南,南宁东,D206
710000D20704,南宁东,广州南,D207
6c0000D20803,广州南,南宁东,D208
780000D21105,贵阳北,广州南,D211
6c0000D21207,广州南,贵阳北,D212
780000D21302,贵阳北,广州南,D213
6c0000D21403,广州南,贵阳北,D214
380000D2950A,郑州,福州,D295
580000D2960K,福州,郑州,D296
380000D2950A,郑州,福州,D298
4f0000D3080K,西安北,上海,D305
550000D306A1,上海,西安北,D306
550000D306A1,上海,西安北,D307
4f0000D3080K,西安北,上海,D308
8d0000D31200,兰州西,上海,D309
550000D31000,上海,兰州西,D310
550000D31000,上海,兰州西,D311
8d0000D31200,兰州西,上海,D312
240000D33500,北京,青岛北,D335
490000D33600,青岛北,北京,D336
760000D35406,成都东,上海虹桥,D351
5l0000D35280,上海虹桥,成都东,D352
5l0000D35280,上海虹桥,成都东,D353
760000D35406,成都东,上海虹桥,D354
390000D36102,汉口,成都东,D361
760000D36201,成都东,汉口,D362
760000D36806,成都东,武汉,D365
4e0000D3660C,武汉,成都东,D366
4e0000D3660C,武汉,成都东,D367
760000D36806,成都东,武汉,D368
5l0000D37710,上海虹桥,深圳北,D377
6i0000D37800,深圳北,上海虹桥,D378
5l0000D38190,上海虹桥,莆田,D381
5n0000D3820I,福州南,上海虹桥,D382
760000D62001,成都东,武汉,D617
4e0000D61800,武汉,成都东,D618
4e0000D61800,武汉,成都东,D619
760000D62001,成都东,武汉,D620
420000D62300,宜昌东,重庆北,D623
770000D62400,重庆北,宜昌东,D624
390000D62501,汉口,重庆北,D625
770000D62600,重庆北,汉口,D626
390000D62904,汉口,重庆北,D629
770000D63003,重庆北,汉口,D630
760000D63410,成都东,武汉,D631
4e0000D6320A,武汉,成都东,D632
4e0000D6320A,武汉,成都东,D633
760000D63410,成都东,武汉,D634
760000D63807,成都东,上海虹桥,D635
5l0000D63650,上海虹桥,成都东,D636
5l0000D63650,上海虹桥,成都东,D637
760000D63807,成都东,上海虹桥,D638
770000D65805,重庆北,宁波,D655
5e0000D65641,宁波,重庆北,D656
5e0000D65641,宁波,重庆北,D657
770000D65805,重庆北,宁波,D658
5n0000D6710Q,福州南,深圳北,D671
6i0000D6720K,深圳北,福州南,D672
580000D6730L,厦门,深圳北,D673
6i0000D6740V,深圳北,厦门,D674
580000D67501,厦门,深圳北,D675
6i0000D67601,深圳北,厦门,D676
5n0000D67701,漳州,深圳北,D677
6i0000D67801,深圳北,漳州,D678
580000D6830F,厦门,深圳北,D683
6i0000D6840H,深圳北,厦门,D684
580000D6850B,厦门,深圳北,D685
580000D68701,厦门,深圳北,D687
6i0000D68803,深圳北,厦门,D688
5n0000D68906,厦门北,深圳北,D689
6i0000D69005,深圳北,厦门北,D690
580000D69101,厦门,深圳北,D691
6i0000D69204,深圳北,厦门,D692
240000D70100,北京,上海,D701
550000D70200,上海,北京,D702
240000D70500,北京,上海,D705
550000D70600,上海,北京,D706
240000D70901,北京南,上海,D709
550000D71000,上海,北京南,D710
240000D71103,北京,杭州,D711
560000D71201,杭州,北京,D712
240000D71501,北京南,南京,D715
540000D71600,南京,北京南,D716
240000D71702,北京,杭州,D717
560000D71800,杭州,北京,D718
770000D75102,重庆北,兰州,D751
8d0000D75201,兰州西,重庆北,D752
770000D75300,重庆北,兰州,D753
850000D75400,兰州,重庆北,D754
770000D75500,重庆北,兰州,D755
850000D75600,兰州,重庆北,D756
760000D76400,成都东,兰州,D761
850000D76200,兰州,成都东,D762
850000D76200,兰州,成都东,D763
760000D76400,成都东,兰州,D764
760000D76810,成都东,西宁,D765
760000D76810,成都东,西宁,D768
760000D95401,成都东,上海,D951
550000D95211,上海,成都东,D952
550000D95211,上海,成都东,D953
760000D95401,成都东,上海,D954
770000D95801,重庆北,上海,D955
550000D95620,上海,重庆北,D956
550000D95620,上海,重庆北,D957
770000D95801,重庆北,上海,D958
26000D160102,石家庄,济南西,D1601
26000D16030D,石家庄,济南西,D1603
4p000D160402,济南西,石家庄,D1604
4p000D160602,济南西,石家庄,D1606
26000D161104,石家庄,青岛北,D1611
49000D161202,青岛北,石家庄,D1612
26000D161504,石家庄,威海,D1615
49000D161604,威海,石家庄,D1616
26000D162106,石家庄,荣成,D1621
49000D162204,荣成,石家庄,D1622
26000D162305,石家庄,威海,D1623
49000D162402,威海,石家庄,D1624
26000D162503,石家庄,烟台,D1625
49000D162602,烟台,石家庄,D1626
27000D163402,太原南,青岛北,D1631
49000D163202,青岛北,太原南,D1632
49000D163202,青岛北,太原南,D1633
27000D163402,太原南,青岛北,D1634
27000D163815,运城北,青岛,D1635
49000D163604,青岛,运城北,D1636
49000D163604,青岛,运城北,D1637
27000D163815,运城北,青岛,D1638
27000D164603,运城北,济南西,D1643
4p000D164403,济南西,运城北,D1644
4p000D164403,济南西,运城北,D1645
27000D164603,运城北,济南西,D1646
49000D169101,青岛北,盐城北,D1691
5f000D169210,盐城北,青岛北,D1692
49000D169300,青岛北,盐城北,D1693
5f000D169400,盐城北,青岛北,D1694
5f000D169800,盐城北,威海,D1695
49000D169600,威海,盐城北,D1696
49000D169600,威海,盐城北,D1697
5f000D169800,盐城北,威海,D1698
4f000D170104,西安北,贵阳北,D1701
78000D170201,贵阳北,西安北,D1702
78000D170201,贵阳北,西安北,D1703
4f000D170104,西安北,贵阳北,D1704
4f000D170502,西安北,贵阳北,D1705
78000D170603,贵阳北,西安北,D1706
78000D170603,贵阳北,西安北,D1707
4f000D170502,西安北,贵阳北,D1708
76000D177901,成都东,北海,D1779
73000D178003,北海,成都东,D1780
76000D178100,成都东,南宁东,D1781
71000D178203,南宁东,成都东,D1782
76000D178504,成都东,南宁东,D1785
71000D178603,南宁东,成都东,D1786
77000D179105,重庆西,柳州,D1791
77000D179302,重庆西,北海,D1793
71000D179405,南宁东,重庆西,D1794
71000D179604,柳州,重庆西,D1796
77000D179700,重庆西,北海,D1797
73000D179800,北海,重庆西,D1798
76000D180101,成都东,广州南,D1801
6c000D180609,广州南,成都东,D1806
6c000D180609,广州南,成都东,D1807
76000D181208,成都东,广州南,D1809
6c000D181003,广州南,成都东,D1810
76000D181208,成都东,广州南,D1812
76000D182003,成都东,广州南,D1817
6c000D18180A,广州南,成都东,D1818
6c000D18180A,广州南,成都东,D1819
76000D182003,成都东,广州南,D1820
76000D182409,成都东,广州南,D1821
6c000D182205,广州南,成都东,D1822
76000D182409,成都东,广州南,D1824
76000D182503,成都东,广州南,D1825
6c000D182602,广州南,成都东,D1826
76000D183304,成都东,广州南,D1833
6c000D183403,广州南,成都东,D1834
6c000D183403,广州南,成都东,D1835
76000D183701,成都东,桂林北,D1837
71000D183801,桂林北,成都东,D1838
76000D184105,成都东,珠海,D1841
6e000D184203,珠海,成都东,D1842
63000D184910,广州,广元,D1849
76000D185110,广元,广州,D1850
76000D185110,广元,广州,D1851
63000D184910,广州,广元,D1852
63000D185301,广州,成都东,D1853
76000D185500,成都东,广州,D1854
76000D185500,成都东,广州,D1855
63000D185301,广州,成都东,D1856
63000D185702,广州,成都东,D1857
76000D185900,成都东,广州,D1858
76000D185900,成都东,广州,D1859
63000D185702,广州,成都东,D1860
77000D186102,重庆西,广州南,D1861
6c000D186204,广州南,重庆西,D1862
6c000D186402,广州南,重庆西,D1864
77000D186505,重庆西,广州南,D1865
6c000D186801,广州南,重庆西,D1868
77000D187105,重庆西,广州南,D1871
6c000D187203,广州南,重庆西,D1872
6c000D187405,广州南,重庆西,D1874
77000D187503,重庆西,广州南,D1875
77000D187703,重庆西,广州南,D1877
77000D188103,万州北,广州南,D1881
6c000D188207,广州南,万州北,D1882
6c000D188207,广州南,万州北,D1883
77000D188103,万州北,广州南,D1884
27000D190104,太原南,成都东,D1901
76000D190403,成都东,太原南,D1904
27000D190502,太原南,成都东,D1905
76000D190603,成都东,太原南,D1906
4f000D191107,西安北,成都东,D1911
76000D191207,成都东,西安北,D1912
4f000D191304,西安北,成都东,D1913
76000D191405,成都东,西安北,D1914
4f000D191505,西安北,成都东,D1915
4f000D191706,西安北,成都东,D1917
76000D191802,成都东,西安北,D1918
4f000D191903,西安北,成都东,D1919
76000D192007,成都东,西安北,D1920
4f000D192107,西安北,成都东,D1921
76000D192204,成都东,西安北,D1922
4f000D192303,西安北,成都东,D1923
76000D192402,成都东,西安北,D1924
4f000D192506,西安北,成都东,D1925
76000D192603,成都东,西安北,D1926
4f000D192707,西安北,成都东,D1927
76000D192809,成都东,西安北,D1928
4f000D192906,西安北,成都东,D1929
76000D193004,成都东,西安北,D1930
4f000D193107,西安北,成都东,D1931
76000D193202,成都东,西安北,D1932
4f000D193308,西安北,成都东,D1933
76000D193402,成都东,西安北,D1934
4f000D193505,西安北,成都东,D1935
76000D193603,成都东,西安北,D1936
4f000D193705,西安北,成都东,D1937
76000D193804,成都东,西安北,D1938
4f000D193906,西安北,成都东,D1939
76000D194007,成都东,西安北,D1940
4f000D194104,西安北,成都东,D1941
76000D194203,成都东,西安北,D1942
4f000D194306,西安北,成都东,D1943
76000D194404,成都东,西安北,D1944
76000D194603,成都东,西安北,D1946
4f000D194707,西安北,成都东,D1947
76000D194803,成都东,西安北,D1948
4f000D194908,西安北,成都东,D1949
76000D195003,成都东,西安北,D1950
4f000D195104,西安北,成都东,D1951
76000D195202,成都东,西安北,D1952
77000D195301,重庆西,太原南,D1953
27000D195512,太原南,重庆西,D1954
27000D195512,太原南,重庆西,D1955
77000D195301,重庆西,太原南,D1956
77000D195703,重庆西,太原南,D1957
27000D195905,太原南,重庆西,D1958
27000D195905,太原南,重庆西,D1959
77000D195703,重庆西,太原南,D1960
77000D196103,重庆西,太原南,D1961
27000D196304,太原南,重庆西,D1962
27000D196304,太原南,重庆西,D1963
77000D196103,重庆西,太原南,D1964
77000D196510,重庆西,西安北,D1965
77000D196510,重庆西,西安北,D1968
77000D196902,重庆西,西安北,D1969
4f000D197104,西安北,重庆北,D1970
4f000D197104,西安北,重庆北,D1971
77000D196902,重庆西,西安北,D1972
77000D197703,重庆北,西安北,D1977
4f000D197904,西安北,重庆北,D1978
4f000D197904,西安北,重庆北,D1979
77000D197703,重庆北,西安北,D1980
4f000D198308,西安北,重庆北,D1982
4f000D198308,西安北,重庆北,D1983
77000D198501,重庆北,西安北,D1985
4f000D198704,西安北,重庆西,D1986
4f000D198704,西安北,重庆西,D1987
77000D198501,重庆北,西安北,D1988
77000D198901,重庆北,西安北,D1989
4f000D199110,西安北,重庆西,D1990
4f000D199110,西安北,重庆西,D1991
77000D198901,重庆北,西安北,D1992
27000D200227,临汾西,北京西,D2002
24000D20030J,北京西,运城北,D2003
27000D200449,运城北,北京西,D2004
24000D20050I,北京西,临汾西,D2005
4e000D217501,武汉,千岛湖,D2175
56000D217701,千岛湖,武汉,D2176
56000D217701,千岛湖,武汉,D2177
4e000D217501,武汉,千岛湖,D2178
39000D219005,汉口,杭州,D2187
56000D218802,杭州,宜昌东,D2188
56000D218802,杭州,宜昌东,D2189
39000D219005,汉口,杭州,D2190
42000D219405,宜昌东,杭州东,D2191
56000D219215,杭州东,汉口,D2192
56000D219215,杭州东,汉口,D2193
42000D219405,宜昌东,杭州东,D2194
39000D219803,汉口,宁波,D2195
5e000D219602,宁波,宜昌东,D2196
5e000D219602,宁波,宜昌东,D2197
39000D219803,汉口,宁波,D2198
76000D220820,成都东,上海虹桥,D2205
5l000D220680,上海虹桥,成都东,D2206
5l000D220680,上海虹桥,成都东,D2207
76000D220820,成都东,上海虹桥,D2208
77000D22140A,重庆北,上海虹桥,D2211
5q000D221200,嘉兴南,重庆北,D2212
5q000D221200,嘉兴南,重庆北,D2213
77000D22140A,重庆北,上海虹桥,D2214
77000D221809,重庆北,上海虹桥,D2215
5l000D221670,上海虹桥,重庆北,D2216
5l000D221670,上海虹桥,重庆北,D2217
77000D221809,重庆北,上海虹桥,D2218
76000D222409,成都东,杭州东,D2221
56000D222261,杭州东,成都东,D2222
56000D222261,杭州东,成都东,D2223
76000D222409,成都东,杭州东,D2224
77000D222808,重庆北,福州,D2225
58000D22260D,福州,重庆北,D2226
58000D22260D,福州,重庆北,D2227
77000D222808,重庆北,福州,D2228
77000D22340B,重庆北,厦门北,D2231
5n000D22320K,厦门北,重庆北,D2232
5n000D22320K,厦门北,重庆北,D2233
77000D22340B,重庆北,厦门北,D2234
76000D223808,成都东,南昌,D2235
57000D22360I,南昌,成都东,D2236
57000D22360I,南昌,成都东,D2237
76000D223808,成都东,南昌,D2238
76000D22440F,成都东,福州,D2241
58000D22420M,福州,成都东,D2242
58000D22420M,福州,成都东,D2243
76000D22440F,成都东,福州,D2244
77000D224806,重庆北,杭州东,D2245
56000D224630,杭州东,重庆北,D2246
56000D224630,杭州东,重庆北,D2247
77000D224806,重庆北,杭州东,D2248
39000D22510A,汉口,重庆北,D2251
77000D225206,重庆北,汉口,D2252
76000D225630,成都东,宜兴,D2253
5s000D225441,宜兴,成都东,D2254
5s000D225441,宜兴,成都东,D2255
76000D225630,成都东,宜兴,D2256
39000D22590C,汉口,成都东,D2259
76000D22600C,成都东,汉口,D2260
76000D226404,成都东,杭州东,D2261
56000D226271,杭州东,成都东,D2262
56000D226271,杭州东,成都东,D2263
76000D226404,成都东,杭州东,D2264
77000D227002,重庆北,南通,D2267
5f000D226840,南通,重庆北,D2268
5f000D226840,南通,重庆北,D2269
77000D227002,重庆北,南通,D2270
5l000D227140,南京南,重庆北,D2271
77000D227208,重庆北,南京南,D2272
77000D227804,重庆北,武汉,D2275
4e000D22760A,武汉,重庆北,D2276
4e000D22760A,武汉,重庆北,D2277
77000D227804,重庆北,武汉,D2278
54000D228104,南京,深圳北,D2281
6i000D22820B,深圳北,南京,D2282
5l000D228302,上海虹桥,深圳北,D2283
6i000D22840A,深圳北,上海虹桥,D2284
5l000D228504,上海虹桥,深圳北,D2285
6i000D22860C,深圳北,上海虹桥,D2286
5l000D228770,上海虹桥,深圳北,D2287
6i000D22880G,深圳北,上海虹桥,D2288
5l000D229302,南京南,深圳北,D2293
6i000D22940J,深圳北,南京南,D2294
5u000D22970G,泰宁,深圳北,D2297
6i000D22980F,深圳北,福州南,D2298
5n000D23010I,福州南,深圳北,D2301
6i000D23020G,深圳北,福鼎,D2302
5n000D23030O,福州南,深圳北,D2303
6i000D23040H,深圳北,上饶,D2304
5n000D230509,福鼎,深圳北,D2305
6i000D23060I,深圳北,福州南,D2306
5n000D23070G,福州南,深圳北,D2307
6i000D23080C,深圳北,福州南,D2308
5n000D23090J,福州南,深圳北,D2309
6i000D23100E,深圳北,福州南,D2310
5n000D23110L,福州南,深圳北,D2311
6i000D23120K,深圳北,福州南,D2312
5n000D23130F,泉州,深圳北,D2313
6i000D231409,深圳北,泉州,D2314
5n000D23150E,泉州,深圳北,D2315
6i000D23160C,深圳北,厦门,D2316
58000D23170C,厦门,深圳北,D2317
6i000D231809,深圳北,厦门,D2318
58000D231901,厦门,深圳北,D2319
6i000D232007,深圳北,泉州,D2320
5u000D23210I,南昌西,深圳北,D2321
6i000D23220D,深圳北,南昌西,D2322
5n000D23230F,福州南,深圳北,D2323
6i000D23240A,深圳北,泰宁,D2324
57000D23250B,上饶,深圳北,D2325
6i000D23260U,深圳北,福州南,D2326
5n000D23270N,福州南,深圳北,D2327
6i000D23280B,深圳北,福州南,D2328
5n000D23290E,厦门北,深圳北,D2329
6i000D23300G,深圳北,福州,D2330
58000D23310G,福州,深圳北,D2331
6i000D23320E,深圳北,厦门北,D2332
6i000D233408,深圳北,厦门,D2334
58000D23350D,厦门,深圳北,D2335
6i000D233609,深圳北,厦门,D2336
58000D233906,厦门,深圳北,D2339
6i000D234005,深圳北,厦门,D2340
58000D234501,厦门,深圳北,D2345
6i000D234608,深圳北,厦门,D2346
58000D234901,厦门,深圳北,D2349
6i000D235010,深圳北,厦门,D2350
5c000D23510H,龙岩,深圳北,D2351
6i000D23520G,深圳北,武夷山东,D2352
5y000D23530H,武夷山东,深圳北,D2353
6i000D23540F,深圳北,龙岩,D2354
5c000D235508,龙岩,深圳北,D2355
6i000D235605,深圳北,龙岩,D2356
57000D235709,赣州,深圳北,D2357
6i000D235804,深圳北,赣州,D2358
5u000D236103,南昌西,深圳北,D2361
6i000D236201,深圳北,南昌西,D2362
71000D236309,南宁东,广州南,D2363
6c000D23640B,广州南,南宁东,D2364
71000D23670F,桂林北,珠海,D2367
6e000D236808,珠海,桂林北,D2368
5l000D237350,南京南,成都东,D2373
76000D237403,成都东,南京南,D2374
77000D237803,重庆北,厦门,D2375
58000D237605,厦门,重庆北,D2376
58000D237605,厦门,重庆北,D2377
77000D237803,重庆北,厦门,D2378
65000D238104,广州东,厦门,D2381
58000D238306,厦门,广州东,D2382
58000D238306,厦门,广州东,D2383
65000D238104,广州东,厦门,D2384
6z000D239100,梅州西,厦门,D2391
58000D239300,厦门,梅州西,D2392
58000D239300,厦门,梅州西,D2393
6z000D239100,梅州西,厦门,D2394
27000D250107,太原南,西安北,D2501
4f000D25020B,西安北,太原南,D2502
4f000D250409,西安北,太原南,D2504
27000D25050A,太原南,西安北,D2505
4f000D25060C,西安北,太原南,D2506
27000D250706,太原南,西安北,D2507
4f000D25080B,西安北,怀仁东,D2508
4f000D25100I,西安北,太原南,D2510
27000D251119,太原南,西安北,D2511
4f000D251209,西安北,太原南,D2512
27000D25130A,太原南,西安北,D2513
27000D25150D,太原南,西安北,D2515
4f000D251606,西安北,太原南,D2516
28000D251701,怀仁东,西安北,D2517
4f000D251809,西安北,太原南,D2518
27000D251905,太原南,西安北,D2519
4f000D252009,西安北,太原南,D2520
27000D252128,太原南,西安北,D2521
4f000D252407,西安北,太原南,D2524
27000D252506,太原南,西安北,D2525
27000D25271A,太原南,西安北,D2527
4f000D252809,西安北,太原南,D2528
27000D252925,太原南,西安北,D2529
4f000D253007,西安北,太原南,D2530
27000D253123,太原南,西安北,D2531
27000D253315,太原南,西安北,D2533
4f000D253405,西安北,太原南,D2534
27000D253704,太原南,西安北,D2537
4f000D253805,西安北,太原南,D2538
4f000D254002,西安北,太原南,D2540
27000D256106,太原南,宝鸡南,D2561
4g000D256206,宝鸡南,太原南,D2562
27000D256305,太原南,宝鸡南,D2563
4g000D256408,宝鸡南,太原南,D2564
27000D256505,太原南,兰州西,D2565
8d000D256603,兰州西,太原南,D2566
27000D256705,太原南,兰州西,D2567
8d000D256804,兰州西,太原南,D2568
27000D256907,太原南,西宁,D2569
88000D257006,西宁,太原南,D2570
27000D257100,太原南,宝鸡南,D2571
4g000D257200,宝鸡南,太原南,D2572
4f000D265107,西安北,兰州西,D2651
8d000D265202,兰州西,西安北,D2652
4f000D265304,西安北,兰州西,D2653
8d000D265402,兰州西,西安北,D2654
4f000D265504,西安北,兰州西,D2655
8d000D265601,兰州西,西安北,D2656
4f000D265704,西安北,兰州西,D2657
8d000D265801,兰州西,西安北,D2658
4f000D265903,西安北,兰州西,D2659
8d000D266001,兰州西,西安北,D2660
4f000D266106,西安北,兰州西,D2661
8d000D266202,兰州西,西安北,D2662
4f000D266304,西安北,兰州西,D2663
8d000D266402,兰州西,西安北,D2664
4f000D26650B,西安北,兰州西,D2665
8d000D266600,兰州西,西安北,D2666
4f000D266703,西安北,兰州西,D2667
8d000D266803,兰州西,西安北,D2668
8d000D267001,兰州西,西安北,D2670
4f000D26710A,西安北,嘉峪关南,D2671
4f000D267307,西安北,嘉峪关南,D2673
8d000D267402,嘉峪关南,西安北,D2674
4f000D267504,西安北,兰州西,D2675
8d000D267600,兰州西,西安北,D2676
4f000D267704,西安北,兰州西,D2677
8d000D267821,兰州西,西安北,D2678
4f000D267903,西安北,兰州西,D2679
8d000D268001,兰州西,西安北,D2680
4f000D268102,西安北,兰州西,D2681
8d000D268201,张掖西,西安北,D2682
4f000D268300,西安北,兰州西,D2683
8d000D268400,兰州西,西安北,D2684
4f000D26850C,西安北,西宁,D2685
4f000D268708,西安北,嘉峪关南,D2687
88000D268806,西宁,西安北,D2688
4f000D26890A,西安北,兰州西,D2689
8d000D269011,兰州西,西安北,D2690
88000D269210,西宁,西安北,D2692
4f000D269308,西安北,兰州西,D2693
88000D269403,西宁,西安北,D2694
4f000D269505,西安北,兰州西,D2695
8d000D269601,嘉峪关南,西安北,D2696
8d000D269802,兰州西,西安北,D2698
4f000D269906,西安北,西宁,D2699
8d000D270152,兰州西,乌鲁木齐,D2701
8d000D270351,兰州西,乌鲁木齐,D2703
93000D270606,乌鲁木齐,兰州西,D2706
93000D270804,乌鲁木齐,兰州西,D2708
8d000D271123,兰州西,乌鲁木齐,D2711
93000D271205,乌鲁木齐,兰州西,D2712
8d000D274103,兰州西,嘉峪关南,D2741
8d000D274221,嘉峪关南,兰州西,D2742
8d000D274330,兰州西,嘉峪关南,D2743
8d000D274640,玉门,兰州西,D2746
85000D274931,兰州,敦煌,D2749
8d000D275022,嘉峪关南,兰州西,D2750
85000D275110,兰州,玉门,D2751
85000D274931,兰州,敦煌,D2752
8d000D275702,兰州西,嘉峪关南,D2757
8b000D275901,敦煌,兰州西,D2758
8b000D275901,敦煌,兰州西,D2759
78000D280307,贵阳北,广州南,D2803
6c000D28040A,广州南,贵阳北,D2804
6c000D28060D,广州南,贵阳北,D2806
78000D280707,贵阳北,广州南,D2807
78000D28090A,贵阳北,广州南,D2809
78000D28110A,贵阳北,广州南,D2811
6c000D28120D,广州南,贵阳北,D2812
6c000D28180D,广州南,贵阳北,D2818
78000D282309,贵阳北,广州南,D2823
78000D28250B,贵阳北,广州南,D2825
6c000D28300B,广州南,贵阳北,D2830
78000D28310M,贵阳北,广州南,D2831
6c000D28340D,广州南,贵阳北,D2834
78000D283705,贵阳北,广州南,D2837
6c000D283809,广州南,贵阳北,D2838
6c000D284009,广州南,贵阳北,D2840
78000D284104,贵阳北,广州南,D2841
6c000D28440B,广州南,贵阳北,D2844
63000D287706,广州,贵阳北,D2877
78000D28790C,贵阳北,广州,D2878
78000D28790C,贵阳北,广州,D2879
63000D287706,广州,贵阳北,D2880
71000D294604,柳州,广州南,D2943
6c000D294403,广州南,柳州,D2944
6c000D294403,广州南,柳州,D2945
71000D294604,柳州,广州南,D2946
71000D295005,柳州,广州南,D2947
6c000D294803,广州南,柳州,D2948
6c000D294803,广州南,柳州,D2949
71000D295005,柳州,广州南,D2950
71000D295404,柳州,广州南,D2951
6c000D295204,广州南,柳州,D2952
6c000D295204,广州南,柳州,D2953
71000D295404,柳州,广州南,D2954
71000D295804,柳州,广州南,D2955
6c000D295604,广州南,柳州,D2956
6c000D295604,广州南,柳州,D2957
71000D295804,柳州,广州南,D2958
71000D295905,桂林北,广州南,D2959
6c000D296003,广州南,桂林北,D2960
71000D296104,桂林北,广州南,D2961
6c000D296205,广州南,桂林北,D2962
71000D296306,桂林北,广州南,D2963
71000D296506,桂林北,广州南,D2965
6c000D296606,广州南,东安东,D2966
71000D296905,桂林北,广州南,D2969
6c000D297006,广州南,桂林北,D2970
6c000D297205,广州南,三江南,D2972
71000D297507,三江南,广州南,D2975
6c000D297605,广州南,桂林北,D2976
71000D297906,桂林北,广州南,D2979
6c000D298006,广州南,桂林北,D2980
6c000D298205,广州南,桂林北,D2982
6c000D298404,广州南,桂林北,D2984
71000D298502,桂林北,广州南,D2985
71000D298705,东安东,广州南,D2986
71000D298705,东安东,广州南,D2987
71000D299409,柳州,广州南,D2991
6c000D29920A,广州南,柳州,D2992
6c000D29920A,广州南,柳州,D2993
71000D299409,柳州,广州南,D2994
63000D299509,广州,桂林北,D2995
71000D299707,桂林北,广州,D2996
71000D299707,桂林北,广州,D2997
63000D299509,广州,桂林北,D2998
42000D300410,襄阳东,上海南,D3001
5l000D300250,上海虹桥,襄阳东,D3002
5l000D300250,上海虹桥,襄阳东,D3003
42000D300410,襄阳东,上海南,D3004
42000D30080H,宜昌东,上海虹桥,D3005
5l000D3006A0,上海虹桥,宜昌东,D3006
5l000D3006A0,上海虹桥,宜昌东,D3007
42000D30080H,宜昌东,上海虹桥,D3008
39000D30120L,汉口,上海虹桥,D3009
5l000D3010A0,上海虹桥,襄阳,D3010
5l000D3010A0,上海虹桥,襄阳,D3011
39000D30120L,汉口,上海虹桥,D3012
39000D30160E,汉口,上海虹桥,D3013
5l000D3014A0,上海虹桥,汉口,D3014
5l000D3014A0,上海虹桥,汉口,D3015
39000D30160E,汉口,上海虹桥,D3016
39000D30240B,武昌,上海虹桥,D3021
5l000D302260,上海虹桥,武昌,D3022
5l000D302260,上海虹桥,武昌,D3023
39000D30240B,武昌,上海虹桥,D3024
39000D30280G,汉口,上海虹桥,D3025
5l000D302690,上海虹桥,宜昌东,D3026
5l000D302690,上海虹桥,宜昌东,D3027
39000D30280G,汉口,上海虹桥,D3028
42000D303400,宜昌东,上海虹桥,D3031
5l000D3032C0,上海虹桥,汉口,D3032
5l000D3032C0,上海虹桥,汉口,D3033
42000D303400,宜昌东,上海虹桥,D3034
39000D30440G,武昌,上海虹桥,D3041
5l000D304273,上海虹桥,汉口,D3042
5l000D304273,上海虹桥,汉口,D3043
39000D30440G,武昌,上海虹桥,D3044
39000D30480F,武昌,上海虹桥,D3045
5l000D3046B0,上海虹桥,汉口,D3046
5l000D3046B0,上海虹桥,汉口,D3047
39000D30480F,武昌,上海虹桥,D3048
76000D305802,南充北,上海虹桥,D3055
5l000D305681,上海虹桥,南充北,D3056
5l000D305681,上海虹桥,南充北,D3057
76000D305802,南充北,上海虹桥,D3058
39000D306200,汉口,嘉兴南,D3059
55000D306001,上海南,汉口,D3060
55000D306001,上海南,汉口,D3061
39000D306200,汉口,嘉兴南,D3062
39000D306600,汉口,上海南,D3063
55000D306400,上海南,汉口,D3064
55000D306400,上海南,汉口,D3065
39000D306600,汉口,上海南,D3066
39000D307030,汉口,上海南,D3067
55000D306800,上海南,汉口,D3068
55000D306800,上海南,汉口,D3069
39000D307030,汉口,上海南,D3070
77000D307400,重庆北,上海南,D3071
55000D307200,上海南,重庆北,D3072
55000D307200,上海南,重庆北,D3073
77000D307400,重庆北,上海南,D3074
5l000D308160,南京南,宜昌东,D3081
42000D30820F,宜昌东,南京南,D3082
5l000D308330,南京南,襄阳,D3083
42000D308409,襄阳,南京南,D3084
39000D30920B,汉口,上海虹桥,D3089
5l000D309060,上海虹桥,汉口,D3090
5l000D309060,上海虹桥,汉口,D3091
39000D30920B,汉口,上海虹桥,D3092
5l000D310182,上海虹桥,福州,D3101
58000D31020P,福州,上海虹桥,D3102
5l000D310362,上海虹桥,福州南,D3103
5n000D31040B,莆田,上海虹桥,D3104
5l000D3107G1,上海虹桥,深圳北,D3107
6i000D31080G,深圳北,上海虹桥,D3108
5j000D310961,温州南,福州,D3109
58000D31100B,福州,温州南,D3110
56000D3111D1,杭州东,深圳北,D3111
6i000D31120B,深圳北,杭州东,D3112
54000D312540,南京,深圳北,D3125
6i000D312609,深圳北,南京,D3126
5l000D313170,上海虹桥,龙岩,D3131
5c000D31330H,龙岩,上海虹桥,D3132
5c000D31330H,龙岩,上海虹桥,D3133
5l000D313170,上海虹桥,龙岩,D3134
54000D3135B1,南京,赣州,D3135
57000D31370D,赣州,南京,D3136
57000D31370D,赣州,南京,D3137
54000D3135B1,南京,赣州,D3138
54000D314140,南京,龙岩,D3141
5c000D31430I,龙岩,南京,D3142
5c000D31430I,龙岩,南京,D3143
54000D314140,南京,龙岩,D3144
5l000D314560,上海虹桥,赣州,D3145
57000D314708,赣州,上海虹桥,D3146
57000D314708,赣州,上海虹桥,D3147
5l000D314560,上海虹桥,赣州,D3148
39000D315404,汉口,南通,D3151
5f000D315220,南通,汉口,D3152
5f000D315220,南通,汉口,D3153
39000D315404,汉口,南通,D3154
39000D315806,汉口,南通,D3155
5f000D315630,南通,汉口,D3156
5f000D315630,南通,汉口,D3157
39000D315806,汉口,南通,D3158
56000D316511,杭州东,龙岩,D3165
5c000D31670A,龙岩,杭州东,D3166
5c000D31670A,龙岩,杭州东,D3167
56000D316511,杭州东,龙岩,D3168
56000D316901,杭州东,福州南,D3169
5n000D317005,福州南,杭州东,D3170
56000D317100,杭州东,福州南,D3171
5n000D317200,福州南,杭州东,D3172
5l000D3201B0,上海虹桥,厦门北,D3201
5n000D32020H,厦门北,上海虹桥,D3202
5l000D3205C2,上海虹桥,厦门北,D3205
5n000D32060E,厦门北,上海虹桥,D3206
56000D321100,湖州,厦门北,D3211
5n000D321208,厦门北,湖州,D3212
5e000D321300,宁波,厦门,D3213
5n000D321420,厦门北,宁波,D3214
5e000D321521,宁波,厦门北,D3215
5n000D32160J,厦门北,宁波,D3216
56000D321780,杭州东,厦门北,D3217
58000D321810,厦门,杭州东,D3218
5e000D321931,宁波,厦门北,D3219
5n000D32200D,厦门北,宁波,D3220
56000D323331,杭州东,厦门,D3233
58000D323408,厦门,杭州东,D3234
5l000D323502,南京南,福州南,D3235
5n000D323606,福州南,南京南,D3236
5n000D324001,厦门北,南京南,D3237
5l000D323900,南京南,厦门北,D3238
5l000D323900,南京南,厦门北,D3239
5n000D324001,厦门北,南京南,D3240
58000D326408,福州,汉口,D3261
39000D326208,汉口,福州,D3262
39000D326208,汉口,福州,D3263
58000D326408,福州,汉口,D3264
4e000D32650E,武汉,福州,D3265
58000D32660I,福州,武汉,D3266
5n000D32740E,厦门北,汉口,D3271
39000D327206,汉口,厦门北,D3272
39000D327206,汉口,厦门北,D3273
5n000D32740E,厦门北,汉口,D3274
5n000D32780E,厦门北,汉口,D3275
39000D32760A,汉口,厦门北,D3276
39000D32760A,汉口,厦门北,D3277
5n000D32780E,厦门北,汉口,D3278
4e000D328102,武汉,景德镇北,D3281
57000D328302,景德镇北,武汉,D3282
57000D328302,景德镇北,武汉,D3283
4e000D328102,武汉,景德镇北,D3284
6z000D328500,梅州西,宜昌东,D3285
39000D328610,汉口,梅州西,D3286
39000D328610,汉口,梅州西,D3287
6z000D328500,梅州西,宜昌东,D3288
4e000D328901,武汉,厦门北,D3289
5n000D329005,厦门北,武汉,D3290
5l000D329131,上海虹桥,龙岩,D3291
5c000D329308,龙岩,上海虹桥,D3292
5c000D329308,龙岩,上海虹桥,D3293
5l000D329131,上海虹桥,龙岩,D3294
5l000D329541,南京南,龙岩,D3295
5c000D32970B,龙岩,南京南,D3296
5c000D32970B,龙岩,南京南,D3297
5l000D329541,南京南,龙岩,D3298
5e000D330150,宁波,南昌西,D3301
5u000D330307,南昌西,宁波,D3302
5u000D330307,南昌西,宁波,D3303
5e000D330150,宁波,南昌西,D3304
5e000D330560,宁波,厦门北,D3305
5n000D33060F,厦门北,宁波,D3306
56000D330721,杭州东,深圳北,D3307
6i000D330801,深圳北,杭州东,D3308
5l000D332340,上海虹桥,景德镇北,D3323
57000D332407,景德镇北,上海虹桥,D3324
5n000D33330F,福州南,深圳北,D3333
6i000D333405,深圳北,福州南,D3334
5n000D33370A,福州南,深圳北,D3337
6i000D333806,深圳北,福州南,D3338
5n000D33390L,福州南,深圳北,D3339
6i000D33400A,深圳北,福州南,D3340
39000D339800,汉口,杭州东,D3395
56000D339701,杭州东,汉口,D3396
56000D339701,杭州东,汉口,D3397
39000D339800,汉口,杭州东,D3398
78000D356107,贵阳北,北海,D3561
78000D356305,贵阳北,北海,D3563
71000D356408,梧州南,贵阳北,D3564
78000D356707,贵阳北,梧州南,D3567
73000D356808,北海,贵阳北,D3568
73000D357008,北海,贵阳北,D3570
78000D357103,贵阳北,南宁东,D3571
71000D357203,南宁东,贵阳北,D3572
71000D360103,梧州南,广州南,D3601
6c000D360208,广州南,南宁东,D3602
71000D36030G,南宁东,广州南,D3603
6c000D360406,广州南,南宁东,D3604
71000D36050B,南宁东,广州南,D3605
6c000D36060B,广州南,南宁东,D3606
71000D36070A,南宁东,广州南,D3607
6e000D360801,珠海,南宁东,D3608
71000D360909,南宁东,广州南,D3609
6c000D36100A,广州南,南宁东,D3610
6c000D361203,广州南,南宁东,D3612
71000D361306,南宁东,广州南,D3613
6c000D361409,广州南,南宁东,D3614
6c000D361606,广州南,南宁东,D3616
6c000D36180A,广州南,南宁东,D3618
71000D361908,南宁东,广州南,D3619
6c000D362004,广州南,南宁东,D3620
71000D36210B,南宁东,广州南,D3621
71000D362308,南宁东,广州南,D3623
71000D362500,南宁东,广州南,D3625
71000D36270B,南宁东,广州南,D3627
6c000D362807,广州南,南宁东,D3628
71000D362908,南宁东,广州南,D3629
6c000D363006,广州南,南宁东,D3630
71000D363301,南宁东,广州南,D3633
6c000D363409,广州南,南宁东,D3634
71000D363505,南宁东,广州南,D3635
6c000D363607,广州南,南宁东,D3636
71000D363710,南宁东,珠海,D3637
6c000D363804,广州南,南宁东,D3638
71000D363908,南宁东,广州南,D3639
6c000D36400C,广州南,南宁东,D3640
71000D364108,南宁东,广州南,D3641
6c000D364204,广州南,南宁东,D3642
71000D364305,南宁东,广州南,D3643
6c000D364403,广州南,梧州南,D3644
71000D364510,南宁东,广州南,D3645
63000D367707,广州,南宁东,D3677
71000D367909,南宁东,广州,D3678
71000D367909,南宁东,广州,D3679
63000D367707,广州,南宁东,D3680
73000D370401,北海,广州南,D3701
73000D370401,北海,广州南,D3704
73000D370807,北海,广州南,D3705
6c000D37060A,广州南,北海,D3706
6c000D37060A,广州南,北海,D3707
73000D370807,北海,广州南,D3708
73000D371208,北海,广州南,D3709
6c000D371006,广州南,北海,D3710
6c000D371006,广州南,北海,D3711
73000D371208,北海,广州南,D3712
6c000D37140A,广州南,北海,D3714
6c000D37140A,广州南,北海,D3715
73000D372005,北海,广州南,D3717
73000D372005,北海,广州南,D3720
73000D372406,北海,广州南,D3721
6c000D372205,广州南,北海,D3722
6c000D372205,广州南,北海,D3723
73000D372406,北海,广州南,D3724
73000D372807,北海,广州南,D3725
6c000D372606,广州南,北海,D3726
6c000D372606,广州南,北海,D3727
73000D372807,北海,广州南,D3728
6c000D373003,广州南,北海,D3730
6c000D373003,广州南,北海,D3731
73000D37360P,北海,广州南,D3733
6c000D37340H,广州南,北海,D3734
6c000D37340H,广州南,北海,D3735
73000D37360P,北海,广州南,D3736
73000D37400D,北海,广州南,D3737
6c000D37380B,广州南,北海,D3738
6c000D37380B,广州南,北海,D3739
73000D37400D,北海,广州南,D3740
6c000D374201,广州南,北海,D3742
6c000D374201,广州南,北海,D3743
73000D374800,防城港北,广州南,D3745
6c000D374600,广州南,防城港北,D3746
6c000D374600,广州南,防城港北,D3747
73000D374800,防城港北,广州南,D3748
71000D37510A,柳州,广州南,D3751
6c000D375208,广州南,柳州,D3752
71000D37530A,柳州,广州南,D3753
6c000D375405,广州南,柳州,D3754
71000D375506,柳州,广州南,D3755
6c000D375605,广州南,柳州,D3756
71000D375706,柳州,广州南,D3757
6c000D375808,广州南,柳州,D3758
71000D375906,柳州,广州南,D3759
6c000D376008,广州南,柳州,D3760
71000D37610B,柳州,广州南,D3761
6c000D376203,广州南,桂林北,D3762
71000D376303,柳州,广州南,D3763
6c000D376408,广州南,柳州,D3764
71000D378406,百色,广州南,D3781
6c000D378205,广州南,百色,D3782
6c000D378205,广州南,百色,D3783
71000D378406,百色,广州南,D3784
71000D378805,百色,广州南,D3785
6c000D378604,广州南,百色,D3786
6c000D378604,广州南,百色,D3787
71000D378805,百色,广州南,D3788
71000D379205,百色,广州南,D3789
6c000D379000,广州南,百色,D3790
6c000D379000,广州南,百色,D3791
71000D379205,百色,广州南,D3792
71000D379601,百色,广州南,D3793
71000D379601,百色,广州南,D3796
80000D380403,昆明南,广州南,D3801
6c000D380207,广州南,大理,D3802
6c000D380207,广州南,大理,D3803
80000D380403,昆明南,广州南,D3804
6c000D380606,广州南,昆明南,D3806
6c000D380606,广州南,昆明南,D3807
80000D381206,昆明南,珠海,D3809
6c000D381005,广州南,大理,D3810
6c000D381005,广州南,大理,D3811
80000D381206,昆明南,珠海,D3812
80000D381608,昆明南,广州南,D3813
80000D381608,昆明南,广州南,D3816
80000D382006,昆明南,广州南,D3817
6c000D381807,广州南,大理,D3818
6c000D381807,广州南,大理,D3819
80000D382006,昆明南,广州南,D3820
80000D382407,昆明南,广州南,D3821
6c000D382206,广州南,昆明南,D3822
6c000D382206,广州南,昆明南,D3823
80000D382407,昆明南,广州南,D3824
80000D382808,昆明南,广州南,D3825
6c000D382608,广州南,昆明南,D3826
6c000D382608,广州南,昆明南,D3827
80000D382808,昆明南,广州南,D3828
80000D383208,昆明南,广州南,D3829
6c000D383008,广州南,昆明南,D3830
6c000D383008,广州南,昆明南,D3831
80000D383208,昆明南,广州南,D3832
80000D384006,昆明南,广州南,D3837
6c000D383802,广州南,昆明南,D3838
6c000D383802,广州南,昆明南,D3839
80000D384006,昆明南,广州南,D3840
8c000D384404,大理,广州南,D3841
6e000D384201,珠海,昆明南,D3842
6e000D384201,珠海,昆明南,D3843
8c000D384404,大理,广州南,D3844
6c000D384606,广州南,昆明南,D3846
6c000D384606,广州南,昆明南,D3847
8c000D385203,大理,广州南,D3849
6c000D385002,广州南,昆明南,D3850
6c000D385002,广州南,昆明南,D3851
8c000D385203,大理,广州南,D3852
8c000D385603,大理,广州南,D3853
8c000D385603,大理,广州南,D3856
80000D386005,昆明南,广州南,D3857
6c000D385807,广州南,昆明南,D3858
6c000D385807,广州南,昆明南,D3859
80000D386005,昆明南,广州南,D3860
6c000D386208,广州南,昆明南,D3862
6c000D386208,广州南,昆明南,D3863
71000D390301,桂林北,昆明南,D3903
80000D390401,昆明南,桂林北,D3904
71000D390500,柳州,昆明南,D3905
80000D390601,昆明南,桂林北,D3906
80000D391001,昆明南,南宁东,D3910
73000D392201,北海,昆明南,D3922
73000D392201,北海,昆明南,D3923
80000D392801,昆明南,北海,D3925
80000D392801,昆明南,北海,D3928
8c000D393401,大理,衡阳东,D3931
71000D393301,南宁东,大理,D3932
71000D393301,南宁东,大理,D3933
8c000D393401,大理,衡阳东,D3934
8c000D393801,大理,北海,D3935
71000D393701,柳州,大理,D3936
71000D393701,柳州,大理,D3937
8c000D393801,大理,北海,D3938
71000D394104,桂林北,丽江,D3940
71000D394104,桂林北,丽江,D3941
8c000D394201,丽江,桂林北,D3942
8c000D394601,大理,桂林北,D3943
8c000D394601,大理,桂林北,D3946
71000D394900,桂林北,大理,D3948
71000D394900,桂林北,大理,D3949
73000D395606,北海,大理,D3956
73000D395606,北海,大理,D3957
8c000D395801,大理,柳州,D3958
6c000D396102,衡阳东,大理,D3960
6c000D396102,衡阳东,大理,D3961
8c000D396201,大理,南宁东,D3962
77000D502700,重庆北,阆中,D5027
76000D502800,阆中,重庆北,D5028
77000D503100,重庆北,广元,D5031
76000D503200,广元,重庆北,D5032
77000D503300,重庆北,广元,D5033
76000D503400,广元,重庆北,D5034
76000D505200,南充北,重庆北,D5052
77000D505300,重庆北,阆中,D5053
76000D505400,阆中,南充北,D5054
76000D505800,成都东,南充北,D5055
76000D505600,阆中,成都东,D5056
76000D505600,阆中,成都东,D5057
76000D505800,成都东,南充北,D5058
4a000D50810I,延安,西安北,D5081
4f000D508208,西安北,延安,D5082
4a000D50830H,延安,西安北,D5083
4f000D508609,西安北,延安,D5086
4a000D50870D,延安,西安北,D5087
4f000D509211,西安北,延安,D5092
76000D51020K,成都东,丰都,D5102
77000D51030N,重庆西,成都东,D5103
76000D510424,成都东,重庆西,D5104
77000D510510,重庆北,成都东,D5105
76000D511660,成都东,阆中,D5113
76000D511420,阆中,成都东,D5114
76000D511420,阆中,成都东,D5115
76000D511660,成都东,阆中,D5116
77000D51170A,重庆北,遂宁,D5117
7m000D511810,遂宁,重庆北,D5118
76000D51240O,成都东,苍溪,D5121
76000D51220O,苍溪,成都东,D5122
76000D51220O,苍溪,成都东,D5123
76000D51240O,成都东,苍溪,D5124
76000D51280U,成都东,阆中,D5125
76000D51260C,阆中,成都东,D5126
76000D51260C,阆中,成都东,D5127
76000D51280U,成都东,阆中,D5128
76000D51340Y,广元,成都东,D5134
76000D51340Y,广元,成都东,D5135
7m000D513702,营山,重庆北,D5137
77000D513908,重庆北,营山,D5138
77000D513908,重庆北,营山,D5139
7m000D513702,营山,重庆北,D5140
77000D51410D,重庆北,合川,D5141
77000D514206,合川,重庆北,D5142
77000D514570,重庆北,潼南,D5145
77000D514620,潼南,重庆北,D5146
77000D514709,重庆北,潼南,D5147
77000D514802,潼南,重庆北,D5148
7m000D515103,营山,广安南,D5150
7m000D515103,营山,广安南,D5151
7m000D515208,南充,达州,D5152
7m000D515320,营山,成都东,D5153
76000D515410,成都东,营山,D5154
76000D515605,成都东,营山,D5156
76000D515905,武胜,成都东,D5158
76000D515905,武胜,成都东,D5159
76000D516003,成都东,武胜,D5160
7m000D516106,南充,成都东,D5161
76000D516220,成都东,南充,D5162
77000D517107,广安南,成都东,D5171
76000D51720A,成都东,广安南,D5172
77000D517308,广安南,成都东,D5173
76000D51740O,成都东,广安南,D5174
77000D517504,广安南,成都东,D5175
76000D517605,成都东,广安南,D5176
77000D517703,广安南,成都东,D5177
76000D517804,成都东,广安南,D5178
77000D517907,广安南,成都东,D5179
76000D518005,成都东,广安南,D5180
77000D518108,达州,成都东,D5181
76000D518200,成都东,达州,D5182
76000D518410,成都东,达州,D5184
77000D51850A,达州,成都东,D5185
77000D51870Z,达州,成都东,D5187
76000D518808,成都东,达州,D5188
76000D51900X,成都东,达州,D5190
77000D51910H,达州,成都东,D5191
76000D519209,成都东,达州,D5192
77000D519310,达州,成都东,D5193
76000D519406,成都东,达州,D5194
77000D51950Q,达州,成都东,D5195
76000D51960R,成都东,达州,D5196
77000D51970L,达州,成都东,D5197
77000D519920,达州,成都东,D5199
42000D520450,襄阳东,武汉,D5201
4e000D520200,武汉,襄阳东,D5202
4e000D520200,武汉,襄阳东,D5203
42000D520450,襄阳东,武汉,D5204
4e000D520600,武汉,襄阳东,D5206
4e000D520600,武汉,襄阳东,D5207
42000D521406,襄阳,黄冈东,D5211
39000D521200,阳新,襄阳,D5212
39000D521200,阳新,襄阳,D5213
42000D521406,襄阳,黄冈东,D5214
42000D52180B,襄阳,武汉,D5215
42000D52180B,襄阳,武汉,D5218
42000D522420,襄阳东,武汉,D5221
39000D522200,黄冈东,襄阳东,D5222
39000D522200,黄冈东,襄阳东,D5223
42000D522420,襄阳东,武汉,D5224
42000D522800,十堰,武汉,D5225
4e000D522601,武汉,十堰,D5226
4e000D522601,武汉,十堰,D5227
42000D522800,十堰,武汉,D5228
39000D523300,汉口,襄阳,D5233
42000D523410,襄阳,汉口,D5234
39000D523500,汉口,襄阳,D5235
39000D524100,汉口,十堰,D5241
42000D524200,十堰,汉口,D5242
39000D524302,汉口,十堰,D5243
42000D52440J,十堰,汉口,D5244
42000D524630,十堰,汉口,D5246
42000D525007,襄阳,汉口,D5250
39000D52510D,汉口,襄阳,D5251
42000D52520C,襄阳,汉口,D5252
39000D525310,汉口,襄阳,D5253
42000D525403,襄阳,汉口,D5254
42000D527420,襄阳,武昌,D5271
39000D527200,武昌,襄阳,D5272
39000D527200,武昌,襄阳,D5273
42000D527420,襄阳,武昌,D5274
42000D527820,襄阳,武昌,D5275
39000D527610,武昌,襄阳,D5276
39000D527610,武昌,襄阳,D5277
42000D527820,襄阳,武昌,D5278
39000D528200,武昌,十堰,D5282
39000D528200,武昌,十堰,D5283
42000D529410,襄阳,武昌,D5291
42000D529410,襄阳,武昌,D5294
28000D530302,怀仁东,运城北,D5303
27000D530521,原平西,运城北,D5305
27000D530622,太原南,怀仁东,D5306
27000D530731,原平西,太原南,D5307
27000D530812,运城北,原平西,D5308
27000D531230,运城北,太原南,D5312
27000D531407,运城北,太原南,D5314
27000D5317A1,太原南,运城北,D5317
27000D531823,运城北,太原南,D5318
27000D531912,太原南,永济北,D5319
27000D532095,运城北,太原南,D5320
27000D532122,太原南,运城北,D5321
27000D532223,运城北,太原南,D5322
27000D532311,太原南,运城北,D5323
27000D532401,运城北,太原南,D5324
27000D532514,太原南,运城北,D5325
27000D532622,永济北,太原南,D5326
27000D532713,太原南,运城北,D5327
27000D532831,闻喜西,太原南,D5328
27000D532902,太原南,运城北,D5329
27000D533002,运城北,太原南,D5330
27000D533111,太原南,运城北,D5331
27000D533212,运城北,太原南,D5332
27000D533391,太原南,闻喜西,D5333
27000D533481,临汾西,太原南,D5334
27000D533541,太原南,临汾西,D5335
27000D533611,运城北,太原南,D5336
27000D533702,太原南,运城北,D5337
27000D534212,运城北,太原南,D5342
27000D534301,太原南,运城北,D5343
27000D534700,太原南,运城北,D5347
28000D535102,怀仁东,洪洞西,D5351
27000D535201,太原南,怀仁东,D5352
28000D535501,怀仁东,太原南,D5355
27000D535651,洪洞西,怀仁东,D5356
02000D538404,佳木斯,齐齐哈尔,D5381
04000D538204,齐齐哈尔,佳木斯,D5382
04000D538204,齐齐哈尔,佳木斯,D5383
02000D538404,佳木斯,齐齐哈尔,D5384
03000D538803,绥芬河,齐齐哈尔,D5385
04000D538603,齐齐哈尔,绥芬河,D5386
04000D538603,齐齐哈尔,绥芬河,D5387
03000D538803,绥芬河,齐齐哈尔,D5388
56000D540700,杭州,开化,D5407
56000D540800,开化,杭州,D5408
5f000D543440,启东,南京,D5431
54000D543250,南京,启东,D5432
54000D543250,南京,启东,D5433
5f000D543440,启东,南京,D5434
5f000D543850,启东,南京,D5435
54000D543660,南京,启东,D5436
54000D543660,南京,启东,D5437
5f000D543850,启东,南京,D5438
5f000D544400,启东,南京,D5441
54000D544200,南京,启东,D5442
54000D544200,南京,启东,D5443
5f000D544400,启东,南京,D5444
5f000D544800,启东,南京,D5445
54000D544600,南京,启东,D5446
54000D544600,南京,启东,D5447
5f000D544800,启东,南京,D5448
5f000D545450,启东,南京,D5451
54000D545260,南京,南通,D5452
54000D545260,南京,南通,D5453
5f000D545450,启东,南京,D5454
5f000D546460,扬州,南京,D5461
54000D546250,南京,扬州,D5462
54000D546250,南京,扬州,D5463
5f000D546460,扬州,南京,D5464
5f000D546500,南通,启东,D5465
5f000D546700,南通,启东,D5467
5f000D546840,启东,南通,D5468
5i000D549520,合肥南,六安,D5495
5i000D549742,合肥南,六安,D5497
5l000D549911,南京南,合肥南,D5499
5i000D550001,合肥南,南京南,D5500
5f000D550422,南通,南京,D5501
54000D550233,南京,南通,D5502
54000D550233,南京,南通,D5503
5f000D550422,南通,南京,D5504
5f000D551451,南通,南京,D5511
54000D551222,南京,南通,D5512
54000D551222,南京,南通,D5513
5f000D551451,南通,南京,D5514
5f000D552432,南通,南京,D5521
54000D552243,南京,南通,D5522
54000D552243,南京,南通,D5523
5f000D552432,南通,南京,D5524
5f000D553441,南通,南京,D5531
54000D553223,南京,南通,D5532
54000D553223,南京,南通,D5533
5f000D553441,南通,南京,D5534
5f000D554423,南通,南京,D5541
54000D554223,南京,南通,D5542
54000D554223,南京,南通,D5543
5f000D554423,南通,南京,D5544
5f000D555210,南通,南京,D5549
54000D555000,南京,南通,D5550
54000D555000,南京,南通,D5551
5f000D555210,南通,南京,D5552
56000D557710,杭州东,黄山北,D5577
52000D557810,黄山北,杭州东,D5578
56000D557910,杭州东,黄山北,D5579
52000D558010,黄山北,杭州东,D5580
56000D558110,杭州东,黄山北,D5581
52000D558200,黄山北,杭州东,D5582
56000D558500,杭州东,黄山北,D5585
52000D558610,黄山北,杭州东,D5586
56000D558740,杭州东,黄山北,D5587
52000D558810,黄山北,杭州东,D5588
56000D558910,杭州东,黄山北,D5589
52000D559010,黄山北,杭州东,D5590
5i000D559500,合肥南,黄山北,D5595
52000D559600,黄山北,合肥南,D5596
5i000D559700,合肥南,黄山北,D5597
52000D559810,黄山北,合肥南,D5598
5l000D560123,南京南,安庆,D5601
59000D560220,安庆,南京南,D5602
5l000D560341,南京南,安庆,D5603
59000D560402,安庆,南京南,D5604
5l000D560510,南京南,安庆,D5605
59000D560611,安庆,南京南,D5606
5l000D560720,南京南,铜陵,D5607
59000D560802,安庆,南京南,D5608
5l000D560902,南京南,安庆,D5609
54000D561000,铜陵,南京南,D5610
59000D562211,安庆,南京南,D5622
5l000D564110,南京南,芜湖,D5641
54000D564203,芜湖,南京南,D5642
54000D564401,芜湖,南京南,D5644
51000D564601,马鞍山东,南京南,D5646
5i000D565112,合肥南,安庆,D5651
59000D565210,安庆,合肥南,D5652
5i000D565312,合肥南,安庆,D5653
59000D565411,安庆,合肥南,D5654
5i000D565501,合肥南,安庆,D5655
59000D565602,安庆,合肥南,D5656
5i000D565710,合肥南,安庆,D5657
59000D565803,安庆,合肥南,D5658
5i000D565910,合肥南,安庆,D5659
59000D566010,安庆,合肥南,D5660
5i000D566110,合肥南,安庆,D5661
59000D566210,安庆,合肥南,D5662
5i000D566301,合肥南,安庆,D5663
59000D566411,安庆,合肥南,D5664
5i000D566512,合肥南,安庆,D5665
59000D566603,安庆,合肥南,D5666
55000D568501,上海南,义乌,D5685
56000D568601,义乌,上海南,D5686
55000D568901,上海南,开化,D5689
56000D569004,开化,上海南,D5690
42000D575401,宜昌东,武昌,D5751
39000D575202,武昌,宜昌东,D5752
39000D575202,武昌,宜昌东,D5753
42000D575401,宜昌东,武昌,D5754
42000D575801,宜昌东,武昌,D5755
39000D575601,武昌,利川,D5756
39000D575601,武昌,利川,D5757
42000D575801,宜昌东,武昌,D5758
42000D576200,宜昌东,武昌,D5759
39000D576002,武昌,宜昌东,D5760
39000D576002,武昌,宜昌东,D5761
42000D576200,宜昌东,武昌,D5762
42000D576602,恩施,武昌,D5763
39000D576401,武昌,宜昌东,D5764
39000D576401,武昌,宜昌东,D5765
42000D576602,恩施,武昌,D5766
42000D577000,宜昌东,武昌,D5767
39000D576800,武昌,宜昌东,D5768
39000D576800,武昌,宜昌东,D5769
42000D577000,宜昌东,武昌,D5770
42000D58040M,宜昌东,武汉,D5801
4e000D580201,武汉,宜昌东,D5802
4e000D580201,武汉,宜昌东,D5803
42000D58040M,宜昌东,武汉,D5804
42000D580802,宜昌东,武汉,D5805
4e000D580601,武汉,宜昌东,D5806
4e000D580601,武汉,宜昌东,D5807
42000D580802,宜昌东,武汉,D5808
42000D581203,宜昌东,武汉,D5809
4e000D581001,武汉,宜昌东,D5810
4e000D581001,武汉,宜昌东,D5811
42000D581203,宜昌东,武汉,D5812
42000D581620,利川,武汉,D5813
4e000D581403,武汉,利川,D5814
4e000D581403,武汉,利川,D5815
42000D581620,利川,武汉,D5816
42000D58200F,恩施,武汉,D5817
42000D58200F,恩施,武汉,D5820
42000D58240E,宜昌东,武汉,D5821
4e000D582203,武汉,宜昌东,D5822
4e000D582203,武汉,宜昌东,D5823
42000D58240E,宜昌东,武汉,D5824
42000D58280B,宜昌东,武汉,D5825
42000D58280B,宜昌东,武汉,D5828
42000D586420,宜昌东,大冶北,D5861
39000D586200,大冶北,宜昌东,D5862
39000D586200,大冶北,宜昌东,D5863
42000D586420,宜昌东,大冶北,D5864
39000D586606,阳新,恩施,D5866
39000D586606,阳新,恩施,D5867
42000D588420,利川,黄冈东,D5881
39000D588201,黄冈东,利川,D5882
39000D588201,黄冈东,利川,D5883
42000D588420,利川,黄冈东,D5884
39000D594102,汉口,宜昌东,D5941
42000D594201,宜昌东,汉口,D5942
39000D594306,汉口,恩施,D5943
39000D594502,汉口,宜昌东,D5945
42000D594602,宜昌东,汉口,D5946
39000D594701,汉口,宜昌东,D5947
42000D59480S,宜昌东,汉口,D5948
39000D594920,汉口,宜昌东,D5949
42000D595010,宜昌东,汉口,D5950
39000D595100,汉口,利川,D5951
42000D595200,利川,汉口,D5952
39000D595303,汉口,宜昌东,D5953
42000D59540D,宜昌东,汉口,D5954
39000D595701,汉口,宜昌东,D5957
42000D595810,宜昌东,汉口,D5958
39000D596101,汉口,宜昌东,D5961
42000D596202,利川,汉口,D5962
39000D596501,汉口,恩施,D5965
42000D596600,恩施,汉口,D5966
42000D596800,宜昌东,汉口,D5968
42000D597001,宜昌东,汉口,D5970
39000D599401,孝感东,宜昌东,D5991
42000D599220,恩施,孝感东,D5992
42000D599220,恩施,孝感东,D5993
39000D599401,孝感东,宜昌东,D5994
47000D60010J,济南,青岛,D6001
49000D60020B,青岛,济南,D6002
47000D600303,济南,青岛,D6003
49000D60040E,青岛,济南,D6004
47000D600510,济南,青岛,D6005
49000D60060E,青岛,平原东,D6006
4p000D600707,济南西,青岛,D6007
49000D60080I,青岛,济南,D6008
47000D60090M,济南,青岛,D6009
47000D60110G,济南,青岛,D6011
49000D60120I,青岛,济南西,D6012
47000D601800,济南东,青岛,D6015
49000D601630,青岛,济南东,D6016
49000D601630,青岛,济南东,D6017
47000D601800,济南东,青岛,D6018
47000D602200,济南东,潍坊,D6019
49000D602009,潍坊,济南西,D6020
47000D602200,济南东,潍坊,D6022
49000D602702,潍坊,青岛,D6027
49000D602801,青岛,潍坊,D6028
47000D603402,济南东,龙口市,D6031
4k000D603320,龙口市,济南,D6032
4k000D603320,龙口市,济南,D6033
47000D603402,济南东,龙口市,D6034
4k000D603501,龙口市,威海,D6035
49000D603800,青岛,济南东,D6038
49000D603800,青岛,济南东,D6039
4k000D604304,龙口市,青岛,D6043
49000D604403,青岛,龙口市,D6044
49000D604403,青岛,龙口市,D6045
4k000D604304,龙口市,青岛,D6046
4p000D605103,济南西,烟台,D6051
47000D60530B,济南,烟台,D6053
49000D60540B,烟台,济南东,D6054
49000D60540B,烟台,济南东,D6055
4q000D606106,平原东,烟台,D6061
49000D60620G,烟台,济南东,D6062
49000D60620G,烟台,济南东,D6063
49000D606602,烟台,龙口市,D6066
47000D607105,济南,荣成,D6071
49000D60720D,荣成,济南,D6072
47000D607308,济南,荣成,D6073
49000D60740B,荣成,济南,D6074
47000D607509,济南,荣成,D6075
49000D60760B,荣成,济南,D6076
4q000D607702,平原东,荣成,D6077
49000D60780A,荣成,济南西,D6078
47000D607903,济南,威海,D6079
49000D608004,威海,平原东,D6080
49000D609206,荣成,烟台,D6092
49000D609309,烟台,荣成,D6093
77000D610100,石柱县,重庆北,D6101
77000D610200,重庆北,石柱县,D6102
77000D610300,石柱县,重庆北,D6103
77000D610401,重庆北,石柱县,D6104
77000D610501,石柱县,重庆北,D6105
77000D610600,重庆北,石柱县,D6106
77000D611100,丰都,重庆北,D6111
77000D611300,丰都,重庆北,D6113
77000D611400,重庆北,丰都,D6114
77000D611500,丰都,重庆北,D6115
77000D611600,重庆北,丰都,D6116
77000D611700,丰都,重庆北,D6117
77000D611800,重庆北,丰都,D6118
77000D613110,长寿北,重庆北,D6131
77000D613200,重庆北,长寿北,D6132
77000D613301,长寿北,重庆北,D6133
77000D613400,重庆北,长寿北,D6134
77000D614102,重庆西,重庆北,D6141
77000D614202,重庆北,重庆西,D6142
77000D615101,重庆西,重庆北,D6151
77000D615200,重庆北,重庆西,D6152
77000D615300,重庆西,重庆北,D6153
77000D615400,重庆北,重庆西,D6154
77000D615500,重庆西,重庆北,D6155
77000D615600,重庆北,重庆西,D6156
77000D615700,重庆西,重庆北,D6157
77000D615800,重庆北,重庆西,D6158
77000D615900,重庆西,重庆北,D6159
77000D616000,重庆北,重庆西,D6160
77000D616100,重庆西,重庆北,D6161
77000D616200,重庆北,重庆西,D6162
77000D616300,重庆西,重庆北,D6163
77000D616400,重庆北,重庆西,D6164
77000D616502,重庆西,重庆北,D6165
77000D616600,重庆北,重庆西,D6166
77000D616700,重庆西,重庆北,D6167
77000D616800,重庆北,重庆西,D6168
77000D616902,重庆西,重庆北,D6169
77000D617000,重庆北,重庆西,D6170
77000D618100,重庆北,南充北,D6181
77000D618510,万州北,重庆西,D6185
77000D618710,重庆西,万州北,D6186
77000D618710,重庆西,万州北,D6187
77000D618510,万州北,重庆西,D6188
76000D619220,广元,苍溪,D6192
58000D62010M,福州,厦门,D6201
58000D62040C,厦门,福州,D6204
58000D62060J,厦门,福州,D6206
58000D62070J,福州,厦门,D6207
58000D62080J,厦门,福州,D6208
58000D62100C,厦门,福州,D6210
58000D62120O,厦门,福州,D6212
58000D62130P,福州,厦门北,D6213
58000D62140O,厦门,福州,D6214
58000D62160J,厦门,福州,D6216
58000D62170R,福州,厦门,D6217
5n000D62180J,诏安,福州,D6218
58000D62190M,福州,厦门,D6219
58000D62200Q,厦门,福州,D6220
58000D62210S,福州,诏安,D6221
58000D62230V,福州,厦门,D6223
58000D62240P,厦门,福州,D6224
58000D62250X,福州,厦门,D6225
58000D62260O,厦门,福州,D6226
58000D62270R,福州,厦门,D6227
58000D62280K,厦门,福州,D6228
58000D62290S,福州,厦门,D6229
58000D62310T,福州,厦门,D6231
58000D62330T,福州,厦门,D6233
58000D62370T,福州,厦门,D6237
58000D62380Q,厦门,福州,D6238
5y000D624107,武夷山东,厦门,D6241
58000D62420D,厦门,武夷山东,D6242
57000D625102,景德镇北,南昌,D6251
57000D625403,南昌,景德镇北,D6254
57000D625510,景德镇北,南昌西,D6255
57000D625602,南昌,景德镇北,D6256
57000D625701,景德镇北,南昌,D6257
57000D626004,南昌,景德镇北,D6260
5y000D626103,婺源,南昌,D6261
57000D626203,南昌,婺源,D6262
5y000D626302,婺源,南昌,D6263
57000D626403,南昌,婺源,D6264
57000D626804,南昌,南 昌,D6265
57000D626604,南昌,南 昌,D6266
57000D626604,南昌,南 昌,D6267
57000D626804,南昌,南 昌,D6268
5n000D631207,福州南,福州 南,D6312
5n000D631207,福州南,福州 南,D6313
58000D631805,厦门,厦 门,D6315
58000D631805,厦门,厦 门,D6318
5c000D632401,龙岩,福鼎,D6321
5n000D632302,福鼎,龙岩,D6322
5n000D632302,福鼎,龙岩,D6323
5c000D632401,龙岩,福鼎,D6324
5n000D632903,福鼎,福州,D6329
58000D633005,福州,福鼎,D6330
58000D63320K,厦门,福鼎,D6332
5n000D63330O,福鼎,厦门,D6333
5n000D63350K,福鼎,福州,D6335
58000D63360N,福州,福鼎,D6336
57000D63410G,九江,南昌,D6341
57000D63440H,南昌,九江,D6344
57000D63450D,九江,南昌,D6345
57000D63480I,南昌,九江,D6348
57000D63490D,九江,南昌,D6349
57000D63520H,南昌,九江,D6352
57000D63530G,九江,南昌,D6353
57000D63550D,九江,南昌,D6355
5u000D635600,南昌西,九江,D6356
57000D63600B,南昌,九江,D6360
5u000D637408,南昌西,九江,D6374
5u000D637804,南昌西,九江,D6378
5n000D63810H,福鼎,龙岩,D6381
5c000D63830L,龙岩,福鼎,D6382
5c000D63830L,龙岩,福鼎,D6383
5n000D63810H,福鼎,龙岩,D6384
58000D64070T,福州,龙岩,D6407
58000D64090K,福州,长汀南,D6409
58000D64070T,福州,龙岩,D6410
58000D64090K,福州,长汀南,D6412
58000D64150N,福州,龙岩,D6415
58000D64170D,福州,龙岩,D6417
58000D64150N,福州,龙岩,D6418
58000D64190G,福州,龙岩,D6419
58000D64170D,福州,龙岩,D6420
58000D64190G,福州,龙岩,D6422
58000D642510,厦门,诏安,D6425
5n000D642610,诏安,厦门,D6426
58000D642700,厦门,诏安,D6427
5n000D642810,诏安,厦门,D6428
5c000D64370Q,龙岩,福州,D6436
5c000D64370Q,龙岩,福州,D6437
58000D643905,长汀南,福州,D6438
58000D643905,长汀南,福州,D6439
5c000D64410G,龙岩,福州,D6440
5c000D64410G,龙岩,福州,D6441
5c000D64430E,龙岩,福州,D6442
5c000D64430E,龙岩,福州,D6443
5c000D64450J,龙岩,福州,D6444
5c000D64450J,龙岩,福州,D6445
5c000D64490M,龙岩,福州,D6448
5c000D64490M,龙岩,福州,D6449
5c000D647109,龙岩,厦门,D6471
58000D647206,厦门,龙岩,D6472
5c000D64730D,龙岩,厦门,D6473
58000D647403,厦门,龙岩,D6474
5c000D64750M,龙岩,厦门北,D6475
5n000D647607,厦门北,龙岩,D6476
57000D65010C,南昌,福州,D6501
58000D65020I,福州,南昌,D6502
58000D65040D,福州,南昌,D6504
57000D65050A,九江,福州,D6505
58000D65060B,福州,南昌西,D6506
57000D65070D,南昌,福州,D6507
58000D65080H,福州,九江,D6508
58000D65100F,福州,南昌,D6510
57000D65110E,南昌,福州,D6511
57000D651302,南昌,龙岩,D6513
5c000D651401,龙岩,南昌,D6514
57000D65210G,南昌,厦门,D6521
58000D65220N,厦门,南昌,D6522
5u000D65230P,南昌西,厦门,D6523
57000D65250N,九江,厦门,D6525
58000D652606,厦门,南昌,D6526
58000D652808,厦门,南昌西,D6528
57000D65290F,南昌,漳州,D6529
57000D65310K,南昌,厦门,D6531
58000D65320G,厦门,南昌,D6532
5n000D65340H,漳州,南昌西,D6534
5u000D65410F,三明北,福州,D6541
58000D65420H,福州,三明北,D6542
5u000D65430D,三明北,福州,D6543
58000D654408,福州,三明北,D6544
5u000D654701,南昌西,南丰,D6547
5u000D654808,南丰,南昌西,D6548
57000D657100,赣州,福州,D6571
58000D657202,福州,赣州,D6572
58000D657202,福州,赣州,D6573
57000D657100,赣州,福州,D6574
58000D657507,福州,赣州,D6575
57000D657709,赣州,福州,D6576
57000D657709,赣州,福州,D6577
58000D657507,福州,赣州,D6578
57000D65810E,赣州,厦门,D6581
58000D658209,厦门,赣州,D6582
57000D658308,赣州,厦门,D6583
58000D65840B,厦门,赣州,D6584
5n000D65910B,福州南,长汀南,D6591
58000D659309,长汀南,福州南,D6592
58000D659309,长汀南,福州南,D6593
5n000D65910B,福州南,长汀南,D6594
57000D659501,赣州,福鼎,D6595
5n000D659703,福鼎,赣州,D6596
5n000D659703,福鼎,赣州,D6597
57000D659501,赣州,福鼎,D6598
24000D66110C,北京,曹妃甸东,D6611
25000D661200,曹妃甸东,北京,D6612
25000D661200,曹妃甸东,北京,D6613
24000D66110C,北京,曹妃甸东,D6614
24000D66150D,北京,曹妃甸港,D6615
25000D661600,曹妃甸港,北京,D6616
25000D661600,曹妃甸港,北京,D6617
24000D66150D,北京,曹妃甸港,D6618
24000D66190E,北京,秦皇岛,D6619
25000D66200D,秦皇岛,北京,D6620
24000D663510,北京,秦皇岛,D6635
25000D663610,秦皇岛,北京,D6636
24000D665503,北京南,保定,D6655
26000D665603,保定,北京南,D6656
24000D665704,北京南,保定,D6657
26000D665804,保定,北京南,D6658
58000D667100,福州,龙岩,D6671
58000D667100,福州,龙岩,D6674
57000D667709,赣州,厦门北,D6677
5n000D667806,厦门北,赣州,D6678
25000D668402,唐山,曹妃甸东,D6681
25000D668202,曹妃甸东,唐山,D6682
25000D668202,曹妃甸东,唐山,D6683
25000D668402,唐山,曹妃甸东,D6684
25000D668802,唐山,曹妃甸港,D6685
25000D668602,曹妃甸港,唐山,D6686
25000D668602,曹妃甸港,唐山,D6687
25000D668802,唐山,曹妃甸港,D6688
25000D67340C,秦皇岛,石家庄,D6731
26000D67320A,石家庄,秦皇岛,D6732
26000D67320A,石家庄,秦皇岛,D6733
25000D67340C,秦皇岛,石家庄,D6734
25000D673805,秦皇岛,石家庄,D6735
26000D673605,石家庄,秦皇岛,D6736
26000D673605,石家庄,秦皇岛,D6737
25000D673805,秦皇岛,石家庄,D6738
26000D673900,石家庄,衡水北,D6739
26000D674000,衡水北,石家庄,D6740
33000D675106,呼和浩特东,包头,D6751
33000D675204,包头,呼和浩特东,D6752
33000D675309,呼和浩特东,包头,D6753
33000D675407,包头,呼和浩特东,D6754
33000D675560,呼和浩特东,包头,D6755
33000D675605,包头,呼和浩特东,D6756
33000D675706,呼和浩特东,包头,D6757
33000D675806,包头,呼和浩特东,D6758
33000D675905,呼和浩特东,包头,D6759
33000D676040,包头,呼和浩特东,D6760
33000D676130,呼和浩特东,包头,D6761
33000D676203,包头,呼和浩特东,D6762
33000D676309,呼和浩特东,包头,D6763
33000D676408,包头,呼和浩特东,D6764
33000D676531,呼和浩特东,包头,D6765
33000D676609,包头,呼和浩特东,D6766
33000D676730,呼和浩特东,包头,D6767
33000D676806,包头,呼和浩特东,D6768
36000D676900,乌兰察布,包头,D6769
33000D677030,包头,乌兰察布,D6770
36000D677101,乌兰察布,包头,D6771
33000D677230,包头,乌兰察布,D6772
36000D677302,乌兰察布,包头,D6773
33000D677404,包头,乌兰察布,D6774
36000D677501,乌兰察布,包头,D6775
33000D677601,包头,乌兰察布,D6776
36000D677710,乌兰察布,呼和浩特东,D6777
33000D677810,呼和浩特东,乌兰察布,D6778
36000D677901,乌兰察布,呼和浩特东,D6779
33000D678030,呼和浩特东,乌兰察布,D6780
4f000D68010L,西安北,宝鸡南,D6801
4g000D68020O,宝鸡南,西安北,D6802
4f000D68090I,西安北,宝鸡南,D6809
4g000D68120K,宝鸡南,西安北,D6812
4f000D68170J,西安北,宝鸡南,D6817
4g000D68180L,宝鸡南,西安北,D6818
4f000D68210H,西安北,宝鸡南,D6821
4g000D68220I,宝鸡南,西安北,D6822
4f000D683905,华山北,西安北,D6839
4f000D684001,西安北,华山北,D6840
4f000D685140,西安北,宁强南,D6851
43000D685205,汉中,西安北,D6852
4f000D68530E,西安北,宁强南,D6853
43000D685420,宁强南,西安北,D6854
4f000D68550H,西安北,汉中,D6855
43000D685603,宁强南,西安北,D6856
4f000D68570D,西安北,汉中,D6857
43000D685805,汉中,西安北,D6858
4f000D685908,西安北,汉中,D6859
43000D686004,宁强南,西安北,D6860
4f000D686107,西安北,汉中,D6861
43000D686207,汉中,西安北,D6862
4f000D686340,西安北,宁强南,D6863
43000D686406,汉中,西安北,D6864
4f000D68650H,西安北,汉中,D6865
43000D686605,汉中,西安北,D6866
4f000D68670L,西安北,汉中,D6867
43000D686803,汉中,西安北,D6868
4f000D68690N,西安北,汉中,D6869
43000D687010,宁强南,西安北,D6870
4f000D68710G,西安北,汉中,D6871
43000D68720A,汉中,西安北,D6872
4f000D68730E,西安北,汉中,D6873
43000D687406,汉中,西安北,D6874
0h000D690107,哈尔滨西,齐齐哈尔南,D6901
04000D69020A,齐齐哈尔,哈尔滨西,D6902
0h000D690308,哈尔滨西,齐齐哈尔,D6903
04000D690440,齐齐哈尔南,哈尔滨,D6904
0h000D69050A,哈尔滨西,齐齐哈尔,D6905
04000D69060G,齐齐哈尔,哈尔滨,D6906
01000D69070A,哈尔滨,齐齐哈尔南,D6907
04000D69080F,齐齐哈尔,哈尔滨,D6908
0h000D69090B,哈尔滨西,齐齐哈尔,D6909
04000D691009,齐齐哈尔,哈尔滨,D6910
0h000D691110,哈尔滨西,齐齐哈尔,D6911
04000D691210,齐齐哈尔,哈尔滨,D6912
01000D691306,哈尔滨,齐齐哈尔,D6913
04000D69140B,齐齐哈尔,哈尔滨,D6914
01000D691502,哈尔滨,齐齐哈尔,D6915
04000D69160B,齐齐哈尔,哈尔滨西,D6916
01000D691720,哈尔滨,齐齐哈尔南,D6917
04000D691820,齐齐哈尔,哈尔滨,D6918
01000D691920,哈尔滨,齐齐哈尔,D6919
04000D69200D,齐齐哈尔,哈尔滨,D6920
01000D692110,哈尔滨,齐齐哈尔,D6921
04000D692230,齐齐哈尔,哈尔滨,D6922
01000D69230A,哈尔滨,齐齐哈尔,D6923
04000D69240A,齐齐哈尔,哈尔滨西,D6924
0h000D692510,哈尔滨西,齐齐哈尔,D6925
04000D692607,齐齐哈尔,哈尔滨西,D6926
01000D692708,哈尔滨,齐齐哈尔,D6927
01000D692910,哈尔滨,齐齐哈尔南,D6929
04000D693010,齐齐哈尔南,哈尔滨西,D6930
01000D693101,哈尔滨,齐齐哈尔,D6931
04000D693201,齐齐哈尔,哈尔滨西,D6932
01000D693310,哈尔滨,齐齐哈尔,D6933
04000D693400,齐齐哈尔,哈尔滨西,D6934
04000D693600,齐齐哈尔南,哈尔滨,D6936
33000D696106,呼和浩特东,鄂尔多斯,D6961
3d000D696203,鄂尔多斯,呼和浩特东,D6962
33000D696300,呼和浩特东,鄂尔多斯,D6963
3d000D696403,鄂尔多斯,呼和浩特东,D6964
36000D696503,乌兰察布,鄂尔多斯,D6965
3d000D696605,鄂尔多斯,乌兰察布,D6966
36000D696702,乌兰察布,鄂尔多斯,D6967
3d000D696804,鄂尔多斯,乌兰察布,D6968
4e000D700304,武汉,阳新,D7003
4e000D700501,武汉,阳新,D7005
4e000D700701,武汉,大冶北,D7007
39000D700810,大冶北,武汉,D7008
4e000D700900,武汉,阳新,D7009
39000D701010,阳新,武汉,D7010
42000D703100,恩施,利川,D7031
42000D703210,利川,恩施,D7032
42000D703310,宜昌东,恩施,D7033
39000D708400,孝感东,咸宁南,D7081
39000D708200,咸宁南,孝感东,D7082
39000D708200,咸宁南,孝感东,D7083
39000D708400,孝感东,咸宁南,D7084
39000D708800,孝感东,咸宁南,D7085
39000D708600,咸宁南,孝感东,D7086
39000D708600,咸宁南,孝感东,D7087
39000D708800,孝感东,咸宁南,D7088
61000D712100,怀化南,衡阳东,D7121
6c000D712200,衡阳东,怀化南,D7122
61000D712300,怀化南,衡阳东,D7123
6c000D712400,衡阳东,怀化南,D7124
6k000D712800,湛江西,珠海,D7125
6e000D712600,珠海,湛江西,D7126
6e000D712600,珠海,湛江西,D7127
6k000D712800,湛江西,珠海,D7128
6e000D713200,珠海,广州南,D7132
6c000D713301,广州南,珠海,D7133
6e000D713400,珠海,广州南,D7134
6c000D713502,广州南,珠海,D7135
6e000D713602,珠海,广州南,D7136
70000D713700,佛山西,珠海,D7137
6e000D713800,珠海,佛山西,D7138
6c000D713901,广州南,珠海,D7139
6e000D714000,珠海,佛山西,D7140
6c000D716500,广州南,珠海,D7165
6e000D716600,珠海,广州南,D7166
6c000D717101,广州南,湛江西,D7171
6k000D717201,湛江西,佛山西,D7172
6c000D719500,广州南,茂名,D7195
66000D719601,茂名,佛山西,D7196
6z000D730100,梅州西,潮汕,D7301
6j000D730200,潮汕,梅州西,D7302
6j000D730800,潮汕,梅州西,D7308
6z000D730900,梅州西,深圳北,D7309
6i000D731000,深圳北,梅州西,D7310
6z000D731100,梅州西,深圳北,D7311
6i000D731200,深圳北,梅州西,D7312
6z000D731300,梅州西,潮汕,D7313
6i000D731400,深圳北,梅州西,D7314
6z000D731500,梅州西,深圳北,D7315
6i000D731600,深圳北,梅州西,D7316
6z000D731700,梅州西,深圳北,D7317
6j000D731800,潮汕,梅州西,D7318
6z000D731900,梅州西,潮汕,D7319
6j000D735100,潮汕,深圳北,D7351
6i000D735200,深圳北,潮汕,D7352
6j000D735300,潮汕,深圳北,D7353
6i000D735400,深圳北,潮汕,D7354
6j000D735500,潮汕,深圳北,D7355
6i000D735600,深圳北,潮汕,D7356
6j000D735700,潮汕,深圳北,D7357
6j000D735900,潮汕,深圳北,D7359
6j000D736100,潮汕,深圳北,D7361
6i000D736200,深圳北,潮汕,D7362
6i000D74040B,深圳北,汕头,D7401
67000D740202,汕头,深圳北,D7402
67000D740202,汕头,深圳北,D7403
6i000D74040B,深圳北,汕头,D7404
6i000D74080E,深圳北,汕头,D7405
6i000D74080E,深圳北,汕头,D7408
6j000D74090G,潮汕,深圳北,D7409
6i000D74100C,深圳北,潮汕,D7410
6i000D741220,深圳北,潮汕,D7412
6i000D74160F,深圳北,汕头,D7413
67000D741400,汕头,深圳北,D7414
67000D741400,汕头,深圳北,D7415
6i000D74160F,深圳北,汕头,D7416
6j000D74190H,潮汕,深圳北,D7419
6i000D74200J,深圳北,饶平,D7420
6j000D74230F,潮汕,深圳北,D7423
6i000D74240H,深圳北,潮汕,D7424
6j000D74250I,饶平,深圳北,D7425
6i000D74260F,深圳北,潮汕,D7426
6j000D742706,饶平,深圳北,D7427
6i000D742804,深圳北,饶平,D7428
6i000D743202,深圳北,汕头,D7429
67000D743002,汕头,深圳北,D7430
67000D743002,汕头,深圳北,D7431
6i000D743202,深圳北,汕头,D7432
6i000D743601,深圳北,汕头,D7433
67000D743401,汕头,深圳北,D7434
67000D743401,汕头,深圳北,D7435
6i000D743601,深圳北,汕头,D7436
6i000D744002,深圳北,汕头,D7437
67000D743803,汕头,深圳北,D7438
67000D743803,汕头,深圳北,D7439
6i000D744002,深圳北,汕头,D7440
6i000D744401,深圳北,汕头,D7441
67000D744203,汕头,深圳北,D7442
67000D744203,汕头,深圳北,D7443
6i000D744401,深圳北,汕头,D7444
6i000D744802,深圳北,汕头,D7445
67000D744601,汕头,深圳北,D7446
67000D744601,汕头,深圳北,D7447
6i000D744802,深圳北,汕头,D7448
70000D745102,佛山西,湛江西,D7451
6k000D745209,湛江西,广州南,D7452
70000D745302,佛山西,湛江西,D7453
6k000D745603,湛江西,广州南,D7456
6k000D74580F,湛江西,广州南,D7458
6c000D746105,广州南,湛江西,D7461
6k000D746202,湛江西,广州南,D7462
6c000D746307,广州南,湛江西,D7463
6k000D746402,湛江西,广州南,D7464
70000D74650I,佛山西,湛江西,D7465
6c000D746905,广州南,湛江西,D7469
6k000D747004,湛江西,广州南,D7470
6c000D74710F,广州南,湛江西,D7471
6k000D747204,湛江西,广州南,D7472
6k000D747408,湛江西,肇庆东,D7474
6c000D747500,广州南,湛江西,D7475
6k000D74760I,湛江西,广州南,D7476
6c000D747702,广州南,湛江西,D7477
6k000D748004,湛江西,广州南,D7480
6c000D748304,广州南,湛江西,D7483
6c000D74850H,广州南,湛江西,D7485
6k000D748604,湛江西,佛山西,D7486
6c000D748705,广州南,湛江西,D7487
6k000D748803,湛江西,佛山西,D7488
6c000D74970D,广州南,湛江西,D7497
6k000D749807,湛江西,广州南,D7498
6c000D749906,广州南,湛江西,D7499
6k000D75000C,湛江西,广州南,D7500
65000D750110,广州东,梅州西,D7501
6z000D750300,梅州西,广州东,D7502
6z000D750300,梅州西,广州东,D7503
65000D750110,广州东,梅州西,D7504
65000D750520,广州东,梅州西,D7505
6z000D750700,梅州西,广州东,D7506
6z000D750700,梅州西,广州东,D7507
65000D750520,广州东,梅州西,D7508
65000D750906,广州东,汕头,D7509
67000D751002,汕头,广州东,D7510
67000D751002,汕头,广州东,D7511
65000D750906,广州东,汕头,D7512
65000D751309,广州东,饶平,D7513
6j000D751509,饶平,广州东,D7514
6j000D751509,饶平,广州东,D7515
65000D751309,广州东,饶平,D7516
65000D751707,广州东,汕头,D7517
67000D751801,汕头,广州东,D7518
67000D751801,汕头,广州东,D7519
65000D751707,广州东,汕头,D7520
65000D752108,广州东,汕头,D7521
67000D752201,汕头,广州东,D7522
67000D752201,汕头,广州东,D7523
65000D752108,广州东,汕头,D7524
65000D752506,广州东,汕头,D7525
67000D752601,汕头,广州东,D7526
67000D752601,汕头,广州东,D7527
65000D752506,广州东,汕头,D7528
65000D752908,广州东,潮汕,D7529
67000D753005,汕头,广州东,D7530
67000D753005,汕头,广州东,D7531
65000D752908,广州东,潮汕,D7532
65000D753302,广州东,汕头,D7533
67000D753402,汕头,广州东,D7534
67000D753402,汕头,广州东,D7535
65000D753302,广州东,汕头,D7536
65000D753703,广州东,汕头,D7537
67000D753802,汕头,广州东,D7538
67000D753802,汕头,广州东,D7539
65000D753703,广州东,汕头,D7540
65000D754100,广州东,潮汕,D7541
6z000D754300,梅州西,广州东,D7542
6z000D754300,梅州西,广州东,D7543
65000D754100,广州东,潮汕,D7544
65000D754510,广州东,梅州西,D7545
6j000D754700,潮汕,广州东,D7546
6j000D754700,潮汕,广州东,D7547
65000D754510,广州东,梅州西,D7548
65000D755400,深圳,怀集,D7551
70000D755300,怀集,深圳,D7553
65000D755400,深圳,怀集,D7554
6k000D755600,湛江西,广州南,D7556
70000D75570G,佛山西,湛江西,D7557
6k000D755807,湛江西,广州南,D7558
62000D756101,石门县北,长沙,D7561
62000D756202,长沙,石门县北,D7562
62000D756302,石门县北,长沙,D7563
62000D756401,长沙,石门县北,D7564
6a000D756502,常德,长沙,D7565
62000D756601,长沙,石门县北,D7566
62000D756701,石门县北,长沙,D7567
62000D756801,长沙,常德,D7568
6a000D756902,常德,长沙,D7569
62000D757002,长沙,石门县北,D7570
62000D757101,石门县北,长沙,D7571
62000D757201,长沙,常德,D7572
62000D757301,石门县北,长沙,D7573
62000D757402,长沙,石门县北,D7574
6a000D757502,常德,长沙,D7575
62000D757602,长沙,常德,D7576
12000D760103,沈阳北,丹东,D7601
12000D760304,沈阳,丹东,D7603
12000D760402,丹东,沈阳,D7604
12000D760503,沈阳,丹东,D7605
12000D760603,丹东,沈阳,D7606
12000D760704,沈阳,丹东,D7607
12000D760803,丹东,沈阳,D7608
12000D761005,丹东,沈阳北,D7610
12000D761104,沈阳,丹东,D7611
12000D761306,沈阳北,丹东,D7613
12000D761404,丹东,沈阳,D7614
12000D761506,沈阳,丹东,D7615
12000D761608,丹东,沈阳,D7616
12000D761902,沈阳北,丹东,D7619
12000D762004,丹东,沈阳,D7620
12000D762304,沈阳,丹东,D7623
12000D762405,丹东,沈阳北,D7624
12000D762501,沈阳,丹东,D7625
12000D762905,沈阳,丹东,D7629
12000D763305,沈阳北,丹东,D7633
12000D76340L,丹东,沈阳,D7634
12000D763506,沈阳,丹东,D7635
12000D76360A,丹东,沈阳,D7636
12000D76380C,丹东,沈阳北,D7638
12000D76390L,沈阳,丹东,D7639
12000D764008,丹东,沈阳,D7640
12000D764107,沈阳,丹东,D7641
12000D764202,丹东,沈阳,D7642
12000D76640H,丹东,沈阳,D7664
12000D766509,沈阳,丹东,D7665
12000D766609,丹东,沈阳,D7666
12000D767204,本溪,沈阳,D7672
12000D767502,沈阳,本溪,D7675
12000D767610,本溪,沈阳,D7676
6e000D769007,珠海,广州南,D7690
1g000D77070G,大连北,庄河北,D7707
1n000D770810,庄河北,大连,D7708
1g000D771109,大连北,丹东,D7711
12000D77120E,丹东,大连北,D7712
1g000D77130R,大连北,丹东,D7713
12000D77140Z,丹东,大连北,D7714
1g000D771508,大连北,丹东,D7715
12000D77160A,丹东,大连北,D7716
1g000D771709,大连北,丹东,D7717
12000D771809,丹东,大连北,D7718
13000D771901,大连,丹东,D7719
12000D772009,丹东,大连,D7720
1n000D772405,庄河北,大连,D7724
12000D77310B,沈阳,大连,D7731
13000D773302,大连,沈阳,D7732
13000D773302,大连,沈阳,D7733
12000D77310B,沈阳,大连,D7734
1g000D773709,大连北,沈阳,D7736
1g000D773709,大连北,沈阳,D7737
13000D774109,大连,沈阳,D7740
13000D774109,大连,沈阳,D7741
12000D774208,丹东,大连,D7742
12000D77430A,沈阳,大连北,D7743
12000D77430A,沈阳,大连北,D7746
12000D774707,沈阳,大连,D7747
1g000D77490D,大连北,沈阳,D7748
1g000D77490D,大连北,沈阳,D7749
12000D774707,沈阳,大连,D7750
12000D77510B,沈阳,大连,D7751
13000D775304,大连,丹东,D7753
12000D77510B,沈阳,大连,D7754
12000D775507,沈阳,大连,D7755
13000D775702,大连,沈阳,D7756
13000D775702,大连,沈阳,D7757
12000D775507,沈阳,大连,D7758
0h000D780106,哈尔滨西,佳木斯,D7801
02000D780203,佳木斯,哈尔滨,D7802
0h000D780303,哈尔滨西,佳木斯,D7803
02000D780402,佳木斯,哈尔滨西,D7804
0h000D780503,哈尔滨西,佳木斯,D7805
02000D780603,佳木斯,哈尔滨,D7806
01000D780700,哈尔滨,佳木斯,D7807
02000D780803,佳木斯,哈尔滨,D7808
01000D780900,哈尔滨,佳木斯,D7809
02000D781002,佳木斯,哈尔滨,D7810
0h000D781107,哈尔滨西,佳木斯,D7811
02000D781203,佳木斯,哈尔滨,D7812
01000D781302,哈尔滨,佳木斯,D7813
02000D781404,佳木斯,哈尔滨,D7814
01000D781502,哈尔滨,佳木斯,D7815
02000D781604,佳木斯,哈尔滨,D7816
01000D781702,哈尔滨,佳木斯,D7817
02000D781808,佳木斯,哈尔滨,D7818
01000D781902,哈尔滨,佳木斯,D7819
02000D782004,佳木斯,哈尔滨西,D7820
01000D782101,哈尔滨,佳木斯,D7821
02000D782210,佳木斯,哈尔滨,D7822
01000D782302,哈尔滨,佳木斯,D7823
02000D782408,佳木斯,哈尔滨,D7824
01000D782501,哈尔滨,佳木斯,D7825
02000D782603,佳木斯,哈尔滨西,D7826
0h000D782701,哈尔滨西,佳木斯,D7827
02000D782803,佳木斯,哈尔滨西,D7828
0h000D782901,哈尔滨西,佳木斯,D7829
02000D783004,佳木斯,哈尔滨西,D7830
01000D783100,哈尔滨,佳木斯,D7831
02000D783202,佳木斯,哈尔滨西,D7832
02000D783407,佳木斯,哈尔滨,D7834
01000D790120,哈尔滨,大庆西,D7901
04000D790240,大庆西,哈尔滨,D7902
0h000D790310,哈尔滨西,大庆西,D7903
04000D79040F,大庆西,哈尔滨,D7904
01000D790520,哈尔滨,大庆西,D7905
04000D79060D,大庆西,哈尔滨,D7906
01000D790710,哈尔滨,大庆西,D7907
04000D79080A,大庆西,哈尔滨,D7908
04000D791901,齐齐哈尔南,齐齐哈尔,D7919
04000D792101,齐齐哈尔南,齐齐哈尔,D7921
03000D796102,牡丹江,绥芬河,D7961
03000D796202,绥芬河,牡丹江,D7962
03000D796303,牡丹江,绥芬河,D7963
03000D796401,绥芬河,牡丹江,D7964
15000D80750A,山海关,丹东,D8075
12000D807609,丹东,山海关,D8076
49000D813100,青岛北,岚山西,D8131
47000D813201,日照西,青岛北,D8132
49000D813303,青岛北,日照西,D8133
47000D813401,岚山西,青岛北,D8134
49000D813500,青岛北,岚山西,D8135
47000D813600,岚山西,青岛北,D8136
49000D813700,青岛北,岚山西,D8137
47000D813800,岚山西,青岛北,D8138
47000D814400,岚山西,烟台,D8141
49000D814200,烟台,岚山西,D8142
49000D814200,烟台,岚山西,D8143
47000D814400,岚山西,烟台,D8144
4p000D818100,济南西,青岛,D8181
49000D818200,青岛北,济南西,D8182
4p000D818300,济南西,青岛北,D8183
49000D818400,青岛北,济南西,D8184
4p000D818501,济南西,青岛北,D8185
49000D818601,青岛北,济南西,D8186
71000D82020H,南宁,桂林,D8202
71000D820308,桂林,南宁东,D8203
71000D82040D,南宁东,桂林,D8204
71000D82050A,桂林北,南宁东,D8205
71000D820808,南宁东,桂林北,D8208
71000D821206,南宁东,桂林,D8212
71000D825107,柳州,北海,D8251
71000D82530A,柳州,北海,D8253
71000D825508,柳州,百色,D8255
71000D825709,柳州,北海,D8257
71000D825907,柳州,南宁东,D8259
71000D826204,贺州,南宁东,D8262
71000D826204,贺州,南宁东,D8263
71000D826806,南宁东,贺州,D8265
71000D826609,贺州,南宁东,D8266
71000D826609,贺州,南宁东,D8267
71000D826806,南宁东,贺州,D8268
71000D827207,南宁东,贺州,D8269
71000D827005,贺州,南宁东,D8270
71000D827005,贺州,南宁东,D8271
71000D827207,南宁东,贺州,D8272
71000D828006,南宁东,贺州,D8277
71000D828006,南宁东,贺州,D8280
71000D83010E,南宁东,北海,D8301
73000D830207,北海,南宁东,D8302
73000D83040H,北海,南宁东,D8304
71000D83050B,南宁东,北海,D8305
73000D830608,北海,南宁东,D8306
73000D830806,北海,南宁东,D8308
71000D83090A,南宁东,北海,D8309
73000D831008,北海,南宁东,D8310
71000D83110B,南宁东,北海,D8311
73000D831206,北海,南宁东,D8312
71000D831308,南宁东,北海,D8313
73000D831405,北海,南宁东,D8314
71000D831505,南宁东,北海,D8315
71000D834104,南宁东,防城港北,D8341
73000D834201,防城港北,南宁东,D8342
71000D834301,南宁东,防城港北,D8343
73000D834400,防城港北,南宁东,D8344
71000D834500,南宁东,防城港北,D8345
73000D834601,防城港北,南宁东,D8346
71000D834702,南宁东,防城港北,D8347
73000D835001,防城港北,南宁东,D8350
71000D835106,南宁东,防城港北,D8351
73000D835405,防城港北,南宁东,D8354
73000D835603,防城港北,南宁东,D8356
71000D836104,南宁东,百色,D8361
71000D836206,百色,南宁东,D8362
71000D836303,南宁东,百色,D8363
71000D836402,百色,南宁东,D8364
73000D836801,北海,百色,D8365
71000D836600,百色,南宁东,D8366
73000D836801,北海,百色,D8368
71000D838000,玉林,南宁东,D8380
71000D838105,南宁东,玉林,D8381
71000D838204,玉林,南宁东,D8382
71000D838304,南宁东,玉林,D8383
71000D838402,玉林,南宁东,D8384
71000D838603,玉林,南宁东,D8386
71000D838702,南宁东,玉林,D8387
71000D838802,玉林,南宁东,D8388
71000D838902,南宁东,玉林,D8389
71000D839004,玉林,南宁东,D8390
71000D839401,玉林,百色,D8391
71000D839204,百色,玉林,D8392
71000D839204,百色,玉林,D8393
71000D839401,玉林,百色,D8394
71000D839801,百色,玉林,D8395
71000D839801,百色,玉林,D8398
71000D839900,南宁东,玉林,D8399
71000D840102,桂林北,北海,D8401
73000D840206,北海,桂林北,D8402
71000D840305,桂林北,北海,D8403
71000D840506,桂林,北海,D8405
73000D840608,北海,桂林北,D8406
73000D840804,北海,桂林,D8408
71000D840902,桂林北,北海,D8409
73000D841003,北海,桂林北,D8410
71000D84110I,桂林,北海,D8411
73000D841203,北海,桂林,D8412
73000D841401,北海,桂林北,D8414
73000D841603,北海,桂林,D8416
73000D842003,北海,柳州,D8420
73000D843405,北海,梧州南,D8431
71000D843204,梧州南,北海,D8432
71000D843204,梧州南,北海,D8433
73000D843405,北海,梧州南,D8434
71000D845102,桂林北,防城港北,D8451
73000D845405,防城港北,桂林北,D8454
71000D846108,桂林北,百色,D8461
71000D84620A,百色,柳州,D8462
71000D846300,桂林,百色,D8463
71000D846403,百色,桂林,D8464
71000D846602,百色,柳州,D8466
71000D848103,桂林北,玉林,D8481
71000D848305,桂林北,玉林,D8483
71000D848403,玉林,桂林北,D8484
71000D848600,玉林,桂林北,D8486
71000D849101,三江南,北海,D8491
71000D849200,南宁东,三江南,D8492
71000D849305,三江南,防城港北,D8493
73000D849400,北海,三江南,D8494
71000D849501,三江南,南宁东,D8495
0h000D850104,哈尔滨西,绥芬河,D8501
03000D850203,牡丹江,哈尔滨西,D8502
0h000D850305,哈尔滨西,牡丹江,D8503
03000D850404,牡丹江,哈尔滨,D8504
01000D850502,哈尔滨,绥芬河,D8505
03000D850604,绥芬河,哈尔滨西,D8506
0h000D850701,哈尔滨西,牡丹江,D8507
03000D850804,牡丹江,哈尔滨,D8508
0h000D850902,哈尔滨西,牡丹江,D8509
03000D851003,牡丹江,哈尔滨,D8510
01000D851102,哈尔滨,绥芬河,D8511
03000D851204,绥芬河,哈尔滨,D8512
0h000D851301,哈尔滨西,牡丹江,D8513
03000D851403,牡丹江,哈尔滨,D8514
01000D851502,哈尔滨,绥芬河,D8515
03000D851602,绥芬河,哈尔滨,D8516
01000D851703,哈尔滨,牡丹江,D8517
03000D851801,牡丹江,哈尔滨西,D8518
01000D851902,哈尔滨,绥芬河,D8519
03000D852003,绥芬河,哈尔滨,D8520
01000D852103,哈尔滨,牡丹江,D8521
03000D852203,牡丹江,哈尔滨,D8522
01000D852310,哈尔滨,牡丹江,D8523
03000D852403,绥芬河,哈尔滨西,D8524
01000D852503,哈尔滨,牡丹江,D8525
03000D852602,牡丹江,哈尔滨西,D8526
78000D855401,贵阳北,重庆西,D8554
77000D855503,重庆西,贵阳北,D8555
77000D855702,重庆西,贵阳北,D8557
78000D855805,贵阳北,重庆西,D8558
77000D856102,重庆西,贵阳北,D8561
76000D856605,广元,贵阳北,D8563
78000D856405,贵阳北,广元,D8564
78000D856405,贵阳北,广元,D8565
76000D856605,广元,贵阳北,D8566
78000D858102,遵义,贵阳北,D8581
78000D858201,贵阳北,遵义,D8582
78000D858302,遵义,贵阳北,D8583
78000D858401,贵阳北,遵义,D8584
78000D858500,遵义,贵阳北,D8585
78000D858600,贵阳北,遵义,D8586
78000D858800,贵阳北,遵义,D8588
80000D860110,昆明南,昆明,D8601
80000D860202,昆明,富宁,D8602
80000D860704,富宁,昆明南,D8607
8c000D863400,楚雄,昆明南,D8631
80000D863301,昆明南,楚雄,D8632
80000D863301,昆明南,楚雄,D8633
8c000D863400,楚雄,昆明南,D8634
8c000D863800,楚雄,昆明南,D8635
80000D863710,昆明南,楚雄,D8636
80000D863710,昆明南,楚雄,D8637
8c000D863800,楚雄,昆明南,D8638
80000D864102,昆明南,玉溪,D8641
84000D864203,玉溪,昆明南,D8642
80000D864502,昆明南,玉溪,D8645
84000D864602,玉溪,昆明南,D8646
80000D864902,昆明南,玉溪,D8649
84000D865002,玉溪,昆明南,D8650
8c000D865405,大理,昆明南,D8651
80000D865302,昆明南,大理,D8652
80000D865302,昆明南,大理,D8653
8c000D865405,大理,昆明南,D8654
8c000D865802,大理,昆明,D8655
80000D865704,昆明南,大理,D8656
80000D865704,昆明南,大理,D8657
8c000D865802,大理,昆明,D8658
8c000D866204,大理,昆明南,D8659
80000D866103,昆明南,大理,D8660
80000D866103,昆明南,大理,D8661
8c000D866204,大理,昆明南,D8662
80000D866502,昆明南,大理,D8664
80000D866502,昆明南,大理,D8665
8c000D866603,大理,昆明南,D8666
80000D866902,昆明南,大理,D8668
80000D866902,昆明南,大理,D8669
8c000D86740A,大理,弥勒,D8671
80000D867302,昆明南,大理,D8672
80000D867302,昆明南,大理,D8673
8c000D86740A,大理,弥勒,D8674
8c000D867810,大理,昆明南,D8675
8c000D867810,大理,昆明南,D8678
8c000D868201,大理,昆明,D8679
8c000D868201,大理,昆明,D8682
8c000D868602,大理,富宁,D8683
8c000D868602,大理,富宁,D8686
8c000D869004,大理,昆明南,D8687
80000D868909,昆明南,大理,D8688
80000D868909,昆明南,大理,D8689
8c000D869004,大理,昆明南,D8690
8c000D869403,大理,昆明南,D8691
80000D869305,昆明南,大理,D8692
80000D869305,昆明南,大理,D8693
8c000D869403,大理,昆明南,D8694
80000D869600,昆明,大理,D8696
80000D869600,昆明,大理,D8697
8c000D869803,大理,昆明南,D8698
80000D870303,昆明南,大理,D8702
80000D870303,昆明南,大理,D8703
80000D870703,富宁,大理,D8706
80000D870703,富宁,大理,D8707
8c000D870806,大理,昆明南,D8708
8c000D871203,大理,昆明南,D8709
80000D871101,昆明南,大理,D8710
80000D871101,昆明南,大理,D8711
8c000D871203,大理,昆明南,D8712
80000D871506,昆明南,大理,D8714
80000D871506,昆明南,大理,D8715
80000D87190A,弥勒,大理,D8718
80000D87190A,弥勒,大理,D8719
8c000D872403,大理,昆明南,D8721
8c000D872403,大理,昆明南,D8724
80000D872601,昆明,大理,D8726
80000D872601,昆明,大理,D8727
8c000D872803,大理,昆明南,D8728
8c000D873202,大理,昆明南,D8729
8c000D873202,大理,昆明南,D8732
80000D873504,昆明南,大理,D8734
80000D873504,昆明南,大理,D8735
8c000D873602,大理,昆明南,D8736
80000D873902,昆明南,大理,D8738
80000D873902,昆明南,大理,D8739
8c000D874003,大理,昆明南,D8740
80000D874303,昆明南,大理,D8742
80000D874303,昆明南,大理,D8743
8c000D874803,大理,昆明南,D8748
80000D876300,昆明南,丽江,D8762
80000D876300,昆明南,丽江,D8763
8c000D876400,丽江,昆明南,D8764
80000D876701,昆明南,丽江,D8766
80000D876701,昆明南,丽江,D8767
8c000D876801,丽江,昆明南,D8768
80000D877301,昆明南,丽江,D8772
80000D877301,昆明南,丽江,D8773
8c000D877401,丽江,昆明南,D8774
80000D877701,昆明南,丽江,D8776
80000D877701,昆明南,丽江,D8777
8c000D877801,丽江,昆明南,D8778
80000D878101,昆明南,丽江,D8780
80000D878101,昆明南,丽江,D8781
8c000D878201,丽江,昆明南,D8782
8c000D878601,丽江,昆明南,D8783
80000D878501,昆明南,丽江,D8784
80000D878501,昆明南,丽江,D8785
8c000D878601,丽江,昆明南,D8786
80000D878901,昆明南,丽江,D8788
80000D878901,昆明南,丽江,D8789
8c000D879002,丽江,昆明南,D8790
80000D879301,昆明南,丽江,D8792
80000D879301,昆明南,丽江,D8793
8c000D879402,丽江,昆明南,D8794
80000D879700,昆明南,丽江,D8796
80000D879700,昆明南,丽江,D8797
8c000D879800,丽江,昆明南,D8798
92000D880102,哈密,乌鲁木齐,D8801
93000D880202,乌鲁木齐,哈密,D8802
92000D880303,哈密,乌鲁木齐,D8803
93000D880404,乌鲁木齐,哈密,D8804
92000D880503,哈密,乌鲁木齐,D8805
93000D880603,乌鲁木齐,哈密,D8806
92000D880704,哈密,乌鲁木齐,D8807
93000D880802,乌鲁木齐,哈密,D8808
92000D880908,哈密,乌鲁木齐,D8809
93000D881070,乌鲁木齐,哈密,D8810
92000D881108,哈密,乌鲁木齐,D8811
93000D881207,乌鲁木齐,哈密,D8812
92000D881310,哈密,乌鲁木齐,D8813
93000D881401,乌鲁木齐,哈密,D8814
92000D88150Q,哈密,乌鲁木齐,D8815
93000D881601,乌鲁木齐,哈密,D8816
92000D88170R,哈密,乌鲁木齐,D8817
9c000D885100,鄯善北,乌鲁木齐,D8851
93000D885200,乌鲁木齐,鄯善北,D8852
9c000D886100,吐鲁番北,乌鲁木齐,D8861
93000D886210,乌鲁木齐,吐鲁番北,D8862
9c000D886500,吐鲁番北,乌鲁木齐,D8865
93000D886610,乌鲁木齐,吐鲁番北,D8866
9c000D886701,吐鲁番北,乌鲁木齐,D8867
93000D886801,乌鲁木齐,吐鲁番北,D8868
9c000D886900,吐鲁番北,乌鲁木齐,D8869
93000D887010,乌鲁木齐,吐鲁番北,D8870
8g000D888111,陇南,兰州西,D8881
85000D888210,兰州,陇南,D8882
8g000D888310,陇南,兰州,D8883
85000D888411,兰州,陇南,D8884
8g000D888500,陇南,兰州,D8885
85000D888600,兰州,陇南,D8886
8g000D888701,陇南,兰州西,D8887
85000D888800,兰州,陇南,D8888
8g000D888900,陇南,兰州,D8889
8d000D889000,兰州西,陇南,D8890
8g000D889110,陇南,兰州,D8891
85000D889210,兰州,陇南,D8892
8g000D889310,陇南,兰州西,D8893
85000D889410,兰州,陇南,D8894
8g000D889500,姚渡,兰州,D8895
8d000D889600,兰州西,姚渡,D8896
88000D89010E,西宁,门源,D8901
88000D89020F,门源,西宁,D8902
88000D89030A,西宁,门源,D8903
88000D89040A,门源,西宁,D8904
88000D89050B,西宁,门源,D8905
88000D89060B,门源,西宁,D8906
8d000D891100,天水南,兰州西,D8911
8d000D891200,兰州西,天水南,D8912
8d000D891301,天水南,中川机场,D8913
8d000D891400,兰州西,天水南,D8914
8d000D891500,天水南,兰州西,D8915
8e000D891600,中川机场,天水南,D8916
8d000D891700,天水南,兰州西,D8917
8d000D891800,兰州西,天水南,D8918
8d000D891900,天水南,兰州西,D8919
8d000D892001,兰州西,天水南,D8920
8d000D892100,东岔,兰州西,D8921
8d000D892200,兰州西,东岔,D8922
8d000D892300,东岔,兰州西,D8923
8d000D892400,兰州西,东岔,D8924
8d000D893101,嘉峪关南,敦煌,D8931
8b000D893300,敦煌,嘉峪关南,D8932
8b000D893300,敦煌,嘉峪关南,D8933
8d000D893101,嘉峪关南,敦煌,D8934
57000D893503,赣州,瑞金,D8935
57000D893610,瑞金,赣州,D8936
57000D893801,瑞金,赣州,D8938
0h000D914100,哈尔滨西,佳木斯,D9141
02000D914200,佳木斯,哈尔滨,D9142
42000D934402,十堰,武昌,D9341
39000D934202,武昌,十堰,D9342
39000D934202,武昌,十堰,D9343
42000D934402,十堰,武昌,D9344
71000D964102,南宁东,玉林,D9641
71000D964202,玉林,南宁东,D9642
71000D964302,南宁东,玉林,D9643
71000D964401,玉林,南宁东,D9644
71000D964503,桂林北,玉林,D9645
71000D964601,玉林,桂林北,D9646
71000D965103,桂林北,南宁东,D9651
71000D965210,南宁东,全州南,D9652
71000D965320,全州南,南宁东,D9653
73000D969020,防城港北,柳州,D9690
71000D96910C,柳州,防城港北,D9691
71000D96920G,玉林,百色,D9692
71000D96920G,玉林,百色,D9693
71000D969505,南宁东,玉林,D9695
71000D969703,桂林北,玉林,D9697
71000D969830,玉林,柳州,D9698
5u000D99912M,南昌西,厦门,D9991
58000D999231,厦门,南昌西,D9992
5u000D999902,南昌西,福州,D9999
